id,country,year,private_record,private_owner
846,Nigeria,2000,false,
2597,Nigeria,2000,false,
2609,Malawi,1987,false,
2610,Malawi,1991,false,
2858,South Africa,,false,
8969,Nigeria,2000,false,
31966,The Gambia,1989,false,
31967,South Africa,1990,false,
31968,South Africa,1991,false,
31969,South Africa,1991,false,
31970,Tanzania,1992,false,
31971,Cape Verde,1998,false,
31972,Cape Verde,1998,false,
31973,The Gambia,1998,false,
31974,The Gambia,1998,false,
31975,The Gambia,1998,false,
31976,Morocco,1998,false,
31977,Morocco,1998,false,
31978,Tanzania,1998,false,
31979,Uganda,1999,false,
31980,Angola,1999,false,
31981,The Gambia,1999,false,
31982,Guinea,1999,false,
31983,Morocco,1999,false,
31984,Guinea-Bissau,2007,false,
31985,Guinea-Bissau,2007,false,
31986,Guinea-Bissau,2007,false,
31987,Guinea-Bissau,2007,false,
31988,Guinea-Bissau,2007,false,
31989,Guinea-Bissau,2007,false,
31990,Guinea-Bissau,2007,false,
31991,Guinea-Bissau,2007,false,
31992,Guinea-Bissau,2007,false,
31993,Guinea-Bissau,2007,false,
31994,Guinea-Bissau,2007,false,
31995,Guinea-Bissau,2007,false,
31996,Guinea-Bissau,2007,false,
31997,Guinea-Bissau,2007,false,
31998,Guinea-Bissau,2007,false,
31999,Guinea-Bissau,2007,false,
32000,Guinea-Bissau,2007,false,
32001,Guinea-Bissau,2007,false,
32002,Guinea-Bissau,2007,false,
32007,Guinea-Bissau,2007,false,
32008,Guinea-Bissau,2007,false,
32009,Guinea-Bissau,2007,false,
32010,Guinea-Bissau,2007,false,
32011,Guinea-Bissau,2007,false,
36238,Kenya,2011,false,
36239,Kenya,,false,
36240,Kenya,2012,false,
36241,Kenya,2013,false,
36242,Kenya,,false,
36243,Kenya,2012,false,
36244,Kenya,2012,false,
36245,Kenya,2010,false,
36246,Kenya,2013,false,
36247,Kenya,2013,false,
36248,Kenya,2010,false,
36249,Kenya,2011,false,
36250,Kenya,2012,false,
36251,Kenya,2013,false,
36252,Kenya,,false,
36253,Kenya,2013,false,
36254,Kenya,,false,
36255,Kenya,2010,false,
36256,Kenya,2010,false,
36257,Kenya,2012,false,
36258,Kenya,,false,
36259,Kenya,2013,false,
36260,Kenya,,false,
36261,Kenya,2011,false,
36262,Kenya,,false,
36263,Kenya,2011,false,
36264,Kenya,,false,
36265,Kenya,,false,
36266,Kenya,2012,false,
36267,Kenya,2012,false,
36268,Kenya,2013,false,
36269,Kenya,2012,false,
36270,Kenya,2012,false,
36271,Kenya,2011,false,
36272,Kenya,,false,
36273,Kenya,2012,false,
36274,Kenya,2013,false,
36275,Kenya,2011,false,
36276,Kenya,2011,false,
36277,Kenya,2012,false,
36278,Kenya,,false,
36279,Kenya,2013,false,
36280,Kenya,2011,false,
36281,Kenya,2011,false,
36282,Kenya,2010,false,
36283,Kenya,2011,false,
36284,Kenya,2010,false,
36285,Kenya,2010,false,
36286,Kenya,,false,
36287,Kenya,2010,false,
36288,Kenya,,false,
36289,Kenya,2010,false,
36290,Kenya,2011,false,
36291,Kenya,2013,false,
36292,Kenya,2013,false,
36293,Kenya,2010,false,
36294,Kenya,2010,false,
36295,Kenya,2010,false,
36296,Kenya,2010,false,
36297,Kenya,2012,false,
36298,Kenya,2010,false,
36299,Kenya,2011,false,
36300,Kenya,,false,
36301,Kenya,,false,
36302,Kenya,,false,
39081,Kenya,2014,false,
39082,Kenya,2014,false,
39083,Kenya,2014,false,
39084,Kenya,2014,false,
39085,Kenya,2014,false,
39086,Kenya,2014,false,
39087,Kenya,2014,false,
39088,Kenya,2014,false,
39089,Kenya,2014,false,
39090,Kenya,2014,false,
39091,Kenya,2014,false,
39092,Kenya,2014,false,
39093,Kenya,2014,false,
39094,Kenya,2014,false,
39095,Kenya,2014,false,
39096,Kenya,2012,false,
39097,Kenya,2012,false,
39098,Kenya,2012,false,
39099,Kenya,2012,false,
39100,Kenya,2012,false,
39101,Kenya,2013,false,
39102,Kenya,2013,false,
39103,Kenya,2010,false,
39104,Kenya,2010,false,
39105,Kenya,2010,false,
39106,Kenya,2010,false,
39107,Kenya,2010,false,
39108,Kenya,2010,false,
39109,Kenya,2010,false,
39110,Kenya,2010,false,
39111,Kenya,2010,false,
39112,Kenya,2010,false,
39113,Kenya,2010,false,
39114,Kenya,2010,false,
39115,Kenya,2010,false,
39116,Kenya,2011,false,
39117,Kenya,2011,false,
39118,Kenya,2011,false,
39119,Kenya,2011,false,
39120,Kenya,2011,false,
39121,Kenya,2011,false,
39122,Kenya,2011,false,
39123,Kenya,2011,false,
39124,Kenya,2011,false,
39125,Kenya,2011,false,
39126,Kenya,2011,false,
39127,Kenya,2011,false,
39128,Kenya,2011,false,
39129,Kenya,2011,false,
39130,Kenya,2011,false,
39131,Kenya,2011,false,
39132,Kenya,2011,false,
39133,Kenya,2011,false,
39134,Kenya,2011,false,
39135,Kenya,2012,false,
39136,Kenya,2012,false,
39137,Kenya,2015,false,
39138,Kenya,2015,false,
39139,Kenya,2010,false,
59511,Kenya,2016,false,
60436,Kenya,2014,false,
60437,Kenya,2016,false,
60439,Kenya,2016,false,
60440,Kenya,2016,false,
60441,Kenya,2017,false,
60442,Kenya,2016,false,
60501,Kenya,2014,false,
60502,Kenya,2014,false,
60503,Kenya,2016,false,
60504,Kenya,2015,false,
60505,Kenya,2015,false,
60506,Kenya,2015,false,
60507,Kenya,2015,false,
60508,Kenya,2016,false,
60509,Kenya,2016,false,
60510,Kenya,2014,false,
60511,Kenya,2013,false,
60512,Kenya,2014,false,
60513,Kenya,2016,false,
60514,Kenya,2014,false,
60515,Kenya,2015,false,
60516,Kenya,2016,false,
60517,Kenya,2015,false,
60518,Kenya,2015,false,
60519,Kenya,2016,false,
60520,Kenya,2014,false,
60521,Kenya,2017,false,
60522,Kenya,2017,false,
60523,Kenya,2017,false,
60524,Kenya,2017,false,
60525,Kenya,2013,false,
60526,Kenya,2018,false,
60527,Kenya,2018,false,
60528,Kenya,2018,false,
60530,Kenya,2018,false,
60531,Kenya,2018,false,
61382,Ivory Coast,2012,false,
61383,Ivory Coast,2012,false,
89182,South Africa,2015,false,
89183,South Africa,2015,false,
89185,South Africa,2015,false,
89186,South Africa,2017,false,
89187,South Africa,2017,false,
89188,South Africa,2017,false,
89189,South Africa,2017,false,
89190,South Africa,2015,false,
89194,South Africa,2017,false,
89195,South Africa,2015,false,
89196,South Africa,2017,false,
89197,South Africa,2015,false,
89198,South Africa,2015,false,
89199,South Africa,2017,false,
89200,South Africa,2017,false,
92898,South Africa,2019,false,
92899,South Africa,2019,false,
92900,South Africa,2019,false,
92901,South Africa,2018,false,
92902,South Africa,2019,false,
92903,South Africa,2019,false,
93214,South Africa,2019,false,
95771,Ghana,2014,false,
95772,Ghana,2014,false,
95773,Ghana,2014,false,
95774,Ghana,2014,false,
95775,Ghana,2014,false,
95776,Ghana,2014,false,
95777,Ghana,2015,false,
95778,Ghana,2015,false,
95779,Ghana,2015,false,
95780,Ghana,2013,false,
95781,Ghana,2013,false,
95782,Ghana,2013,false,
95783,Ghana,2014,false,
95784,Ghana,2014,false,
95785,Ghana,2015,false,
95786,Ghana,2015,false,
95787,Ghana,2019,false,
95788,Ghana,2019,false,
95789,Ghana,2014,false,
95790,Ghana,2012,false,
95791,Ghana,2012,false,
95792,Ghana,2012,false,
95793,Ghana,2012,false,
95794,Ghana,2012,false,
95795,Ghana,2012,false,
95796,Ghana,2015,false,
95797,Ghana,2015,false,
95798,Ghana,2015,false,
95799,Ghana,2015,false,
95800,Ghana,2015,false,
95801,Ghana,2015,false,
95802,Ghana,2018,false,
95803,Ghana,2018,false,
95804,Ghana,2019,false,
95805,Ghana,2019,false,
95806,Ghana,2019,false,
95807,Ghana,2019,false,
95808,Ghana,2019,false,
95809,Ghana,2019,false,
95810,Ghana,2019,false,
95811,Ghana,2019,false,
95812,Ghana,2019,false,
95813,Ghana,2018,false,
95814,Ghana,2019,false,
95815,Ghana,2019,false,
95816,Ghana,2019,false,
95817,Ghana,2018,false,
95818,Ghana,2018,false,
95819,Ghana,2018,false,
95820,Ghana,2018,false,
95821,Ghana,2018,false,
96169,South Africa,2013,false,
96170,South Africa,2013,false,
96171,South Africa,2014,false,
96172,South Africa,2014,false,
96173,South Africa,2014,false,
96174,South Africa,2014,false,
97776,Malawi,2018,false,
97777,Malawi,2018,false,
97778,Malawi,2018,false,
97779,Malawi,2018,false,
97780,Malawi,2018,false,
97781,Malawi,2018,false,
97782,Malawi,2018,false,
97783,Malawi,2018,false,
97784,Malawi,2018,false,
105972,Kenya,2012,false,
105973,Kenya,2012,false,
105974,Kenya,2012,false,
105975,Kenya,2012,false,
105976,Kenya,2012,false,
105977,Kenya,2012,false,
105978,Kenya,2012,false,
105979,Kenya,2012,false,
105980,Kenya,2012,false,
105981,Kenya,2012,false,
106122,Kenya,2017,false,
106123,Kenya,2016,false,
106124,Kenya,2016,false,
106125,Kenya,2017,false,
106126,Kenya,2018,false,
106127,Kenya,2016,false,
106128,Kenya,2017,false,
106129,Kenya,2017,false,
106130,Kenya,2016,false,
106131,Kenya,2016,false,
106132,Kenya,2016,false,
106133,Kenya,2018,false,
106134,Kenya,2016,false,
106135,Kenya,2017,false,
106136,Kenya,2016,false,
106137,Kenya,2016,false,
106138,Kenya,2016,false,
106139,Kenya,2018,false,
106140,Kenya,2017,false,
106141,Kenya,2016,false,
106142,Kenya,2016,false,
106143,Kenya,2017,false,
106144,Kenya,2017,false,
106145,Kenya,2016,false,
106146,Kenya,2016,false,
106147,Kenya,2016,false,
106148,Kenya,2018,false,
106149,Kenya,2018,false,
106150,Kenya,2018,false,
106151,Kenya,2017,false,
106152,Kenya,2016,false,
106153,Kenya,2019,false,
106154,Kenya,2016,false,
106155,Kenya,2017,false,
106156,Kenya,2017,false,
106157,Kenya,2017,false,
106158,Kenya,2017,false,
106159,Kenya,2018,false,
106160,Kenya,2017,false,
106161,Kenya,2017,false,
106162,Kenya,2019,false,
106163,Kenya,2019,false,
106164,Kenya,2020,false,
106165,Kenya,2020,false,
106166,Kenya,2019,false,
106167,Kenya,2020,false,
109097,South Africa,2018,false,
109098,South Africa,2018,false,
109099,South Africa,2018,false,
109100,South Africa,2018,false,
109101,South Africa,2018,false,
109102,South Africa,2018,false,
109103,South Africa,2018,false,
109104,South Africa,2018,false,
109105,South Africa,2018,false,
109106,South Africa,2018,false,
109107,South Africa,2018,false,
109108,South Africa,2018,false,
109109,South Africa,2018,false,
109110,South Africa,2018,false,
109111,South Africa,2019,false,
109112,South Africa,2019,false,
109113,South Africa,2019,false,
109114,South Africa,2019,false,
109115,South Africa,2019,false,
109116,South Africa,2019,false,
109117,South Africa,2019,false,
109118,South Africa,2019,false,
109119,South Africa,2019,false,
109120,South Africa,2018,false,
109121,South Africa,2018,false,
111732,Ghana,2018,false,
111733,Ghana,2019,false,
111734,Ghana,2019,false,
111735,Ghana,2019,false,
111736,Ghana,2019,false,
115183,South Africa,2019,false,
115184,South Africa,2021,false,
115185,South Africa,2021,false,
116222,Uganda,2018,false,
116223,Uganda,2018,false,
116224,Uganda,2018,false,
116225,Uganda,2018,false,
116226,Uganda,2018,false,
116227,Uganda,2018,false,
116228,Uganda,2018,false,
116229,Uganda,2018,false,
116230,Uganda,2018,false,
116231,Uganda,2018,false,
116232,Uganda,2018,false,
116233,Uganda,2018,false,
116234,Uganda,2018,false,
116235,Uganda,2018,false,
116236,Uganda,2018,false,
116237,Uganda,2018,false,
116238,Uganda,2018,false,
116239,Uganda,2018,false,
116240,Uganda,2018,false,
116241,Uganda,2018,false,
116242,Uganda,2018,false,
116243,Uganda,2018,false,
116244,Uganda,2018,false,
116245,Uganda,2018,false,
116246,Uganda,2018,false,
116247,Uganda,2018,false,
116248,Uganda,2018,false,
116249,Uganda,2018,false,
116250,Uganda,2018,false,
116251,Uganda,2018,false,
116252,Uganda,2018,false,
116253,Uganda,2018,false,
117540,Cameroon,2019,false,
117541,Cameroon,2019,false,
117542,Cameroon,2019,false,
117543,Cameroon,2020,false,
117544,Cameroon,2020,false,
117545,Cameroon,2020,false,
117546,Cameroon,2020,false,
117547,Cameroon,2020,false,
118224,Cameroon,2020,false,
118225,Cameroon,2020,false,
123150,Zambia,2020,false,
123151,Zambia,2020,false,
123152,Zambia,2020,false,
123332,South Africa,2022,false,
123333,South Africa,2022,false,
123334,South Africa,2022,false,
123335,South Africa,2022,false,
123336,South Africa,2022,false,
123337,South Africa,2022,false,
123338,South Africa,2022,false,
123339,South Africa,2022,false,
123340,South Africa,2022,false,
123341,South Africa,2022,false,
123342,South Africa,2022,false,
123343,South Africa,2022,false,
123344,South Africa,2022,false,
123345,South Africa,2022,false,
123346,South Africa,2022,false,
123347,South Africa,2022,false,
125903,Madagascar,2020,false,
125904,Madagascar,2015,false,
125905,Madagascar,2019,false,
125906,Madagascar,2020,false,
125907,Madagascar,2020,false,
125908,Madagascar,2020,false,
125909,Madagascar,2016,false,
125910,Madagascar,2020,false,
125911,Madagascar,2020,false,
125912,Madagascar,2014,false,
125913,Madagascar,2020,false,
125914,Madagascar,2020,false,
125915,Madagascar,2014,false,
125916,Madagascar,2020,false,
125917,Madagascar,2014,false,
125918,Madagascar,2020,false,
125919,Madagascar,2020,false,
125920,Madagascar,2020,false,
125921,Madagascar,2020,false,
125922,Madagascar,2017,false,
125923,Madagascar,2019,false,
125924,Madagascar,2020,false,
125925,Madagascar,2020,false,
125926,Madagascar,2020,false,
125927,Madagascar,2020,false,
125928,Madagascar,2020,false,
125929,Madagascar,2020,false,
125930,Madagascar,2020,false,
125931,Madagascar,2020,false,
125932,Madagascar,2020,false,
125933,Madagascar,2017,false,
125934,Madagascar,2020,false,
125935,Madagascar,2019,false,
125936,Madagascar,2020,false,
125937,Madagascar,2020,false,
125938,Madagascar,2020,false,
125939,Madagascar,2019,false,
125940,Madagascar,2020,false,
125941,Madagascar,2020,false,
125942,Madagascar,2020,false,
125943,Madagascar,2016,false,
125945,Madagascar,2020,false,
125947,Madagascar,2020,false,
125948,Madagascar,2020,false,
125950,Madagascar,2016,false,
125951,Madagascar,2020,false,
126241,South Africa,2022,false,
126242,South Africa,2022,false,
126243,South Africa,2022,false,
126244,South Africa,2022,false,
126245,South Africa,2022,false,
126246,South Africa,2022,false,
126247,South Africa,2022,false,
126248,South Africa,2022,false,
126249,South Africa,2022,false,
126250,South Africa,2022,false,
126251,South Africa,2022,false,
126252,South Africa,2022,false,
126253,South Africa,2022,false,
126254,South Africa,2022,false,
126255,South Africa,2022,false,
126256,South Africa,2022,false,
126257,South Africa,2022,false,
126258,South Africa,2022,false,
126259,South Africa,2022,false,
126260,South Africa,2022,false,
126261,South Africa,2022,false,
126262,South Africa,2022,false,
126263,South Africa,2022,false,
126264,South Africa,2022,false,
126265,South Africa,2022,false,
126266,South Africa,2022,false,
126267,South Africa,2022,false,
126268,South Africa,2022,false,
126269,South Africa,2022,false,
126270,South Africa,2022,false,
126271,South Africa,2022,false,
126272,South Africa,2022,false,
126273,South Africa,2022,false,
126274,South Africa,2022,false,
126275,South Africa,2022,false,
126929,South Africa,2022,false,
126930,South Africa,2022,false,
126931,South Africa,2022,false,
126932,South Africa,2022,false,
126933,South Africa,2022,false,
126934,South Africa,2022,false,
126935,South Africa,2022,false,
126936,South Africa,2022,false,
126937,South Africa,2022,false,
126938,South Africa,2022,false,
126939,South Africa,2022,false,
126940,South Africa,2022,false,
126941,South Africa,2022,false,
126942,South Africa,2022,false,
126943,South Africa,2022,false,
126944,South Africa,2022,false,
126945,South Africa,2022,false,
126946,South Africa,2022,false,
126947,South Africa,2022,false,
126948,South Africa,2022,false,
126949,South Africa,2022,false,
131095,South Africa,2012,true,"Anastasia Unitt, University of Oxford"
131096,South Africa,2012,true,"Anastasia Unitt, University of Oxford"
131097,South Africa,2012,true,"Anastasia Unitt, University of Oxford"
131098,South Africa,2012,true,"Anastasia Unitt, University of Oxford"
131099,South Africa,2012,true,"Anastasia Unitt, University of Oxford"
131100,South Africa,2012,true,"Anastasia Unitt, University of Oxford"
131101,South Africa,2012,true,"Anastasia Unitt, University of Oxford"
131102,South Africa,2012,true,"Anastasia Unitt, University of Oxford"
131103,South Africa,2012,true,"Anastasia Unitt, University of Oxford"
131104,South Africa,2012,true,"Anastasia Unitt, University of Oxford"
131105,South Africa,2012,true,"Anastasia Unitt, University of Oxford"
131106,South Africa,2012,true,"Anastasia Unitt, University of Oxford"
131107,South Africa,2012,true,"Anastasia Unitt, University of Oxford"
131108,South Africa,2012,true,"Anastasia Unitt, University of Oxford"
131109,South Africa,2012,true,"Anastasia Unitt, University of Oxford"
131110,South Africa,2012,true,"Anastasia Unitt, University of Oxford"
131111,South Africa,2012,true,"Anastasia Unitt, University of Oxford"
131112,South Africa,2012,true,"Anastasia Unitt, University of Oxford"
131113,South Africa,2012,true,"Anastasia Unitt, University of Oxford"
131114,South Africa,2012,true,"Anastasia Unitt, University of Oxford"
131115,South Africa,2012,true,"Anastasia Unitt, University of Oxford"
131116,South Africa,2012,true,"Anastasia Unitt, University of Oxford"
131117,South Africa,2012,true,"Anastasia Unitt, University of Oxford"
131118,South Africa,2012,true,"Anastasia Unitt, University of Oxford"
131119,South Africa,2012,true,"Anastasia Unitt, University of Oxford"
131120,South Africa,2012,true,"Anastasia Unitt, University of Oxford"
131121,South Africa,2012,true,"Anastasia Unitt, University of Oxford"
131122,South Africa,2012,true,"Anastasia Unitt, University of Oxford"
131123,South Africa,2012,true,"Anastasia Unitt, University of Oxford"
131124,South Africa,2012,true,"Anastasia Unitt, University of Oxford"
131125,South Africa,2012,true,"Anastasia Unitt, University of Oxford"
131126,South Africa,2012,true,"Anastasia Unitt, University of Oxford"
131127,South Africa,2012,true,"Anastasia Unitt, University of Oxford"
131128,South Africa,2012,true,"Anastasia Unitt, University of Oxford"
131129,South Africa,2012,true,"Anastasia Unitt, University of Oxford"
131130,South Africa,2012,true,"Anastasia Unitt, University of Oxford"
131131,South Africa,2012,true,"Anastasia Unitt, University of Oxford"
131132,South Africa,2012,true,"Anastasia Unitt, University of Oxford"
131133,South Africa,2012,true,"Anastasia Unitt, University of Oxford"
131134,South Africa,2012,true,"Anastasia Unitt, University of Oxford"
131135,South Africa,2012,true,"Anastasia Unitt, University of Oxford"
131136,South Africa,2012,true,"Anastasia Unitt, University of Oxford"
131137,South Africa,2012,true,"Anastasia Unitt, University of Oxford"
131138,South Africa,2012,true,"Anastasia Unitt, University of Oxford"
131139,South Africa,2012,true,"Anastasia Unitt, University of Oxford"
131140,South Africa,2012,true,"Anastasia Unitt, University of Oxford"
131141,South Africa,2012,true,"Anastasia Unitt, University of Oxford"
131142,South Africa,2012,true,"Anastasia Unitt, University of Oxford"
131143,South Africa,2012,true,"Anastasia Unitt, University of Oxford"
131144,South Africa,2012,true,"Anastasia Unitt, University of Oxford"
131145,South Africa,2012,true,"Anastasia Unitt, University of Oxford"
131146,South Africa,2012,true,"Anastasia Unitt, University of Oxford"
131147,South Africa,2012,true,"Anastasia Unitt, University of Oxford"
131148,South Africa,2012,true,"Anastasia Unitt, University of Oxford"
131149,South Africa,2012,true,"Anastasia Unitt, University of Oxford"
131150,South Africa,2012,true,"Anastasia Unitt, University of Oxford"
131151,South Africa,2012,true,"Anastasia Unitt, University of Oxford"
131152,South Africa,2012,true,"Anastasia Unitt, University of Oxford"
131153,South Africa,2012,true,"Anastasia Unitt, University of Oxford"
131154,South Africa,2012,true,"Anastasia Unitt, University of Oxford"
131155,South Africa,2013,true,"Anastasia Unitt, University of Oxford"
131156,South Africa,2013,true,"Anastasia Unitt, University of Oxford"
131157,South Africa,2013,true,"Anastasia Unitt, University of Oxford"
131158,South Africa,2013,true,"Anastasia Unitt, University of Oxford"
131159,South Africa,2013,true,"Anastasia Unitt, University of Oxford"
131160,South Africa,2013,true,"Anastasia Unitt, University of Oxford"
131161,South Africa,2013,true,"Anastasia Unitt, University of Oxford"
131162,South Africa,2013,true,"Anastasia Unitt, University of Oxford"
131163,South Africa,2013,true,"Anastasia Unitt, University of Oxford"
131164,South Africa,2013,true,"Anastasia Unitt, University of Oxford"
131165,South Africa,2013,true,"Anastasia Unitt, University of Oxford"
131166,South Africa,2013,true,"Anastasia Unitt, University of Oxford"
131167,South Africa,2013,true,"Anastasia Unitt, University of Oxford"
131168,South Africa,2013,true,"Anastasia Unitt, University of Oxford"
131169,South Africa,2013,true,"Anastasia Unitt, University of Oxford"
131170,South Africa,2013,true,"Anastasia Unitt, University of Oxford"
131171,South Africa,2013,true,"Anastasia Unitt, University of Oxford"
131172,South Africa,2013,true,"Anastasia Unitt, University of Oxford"
131173,South Africa,2013,true,"Anastasia Unitt, University of Oxford"
131174,South Africa,2013,true,"Anastasia Unitt, University of Oxford"
131175,South Africa,2013,true,"Anastasia Unitt, University of Oxford"
131176,South Africa,2013,true,"Anastasia Unitt, University of Oxford"
131177,South Africa,2013,true,"Anastasia Unitt, University of Oxford"
131178,South Africa,2013,true,"Anastasia Unitt, University of Oxford"
131179,South Africa,2013,true,"Anastasia Unitt, University of Oxford"
131180,South Africa,2013,true,"Anastasia Unitt, University of Oxford"
131181,South Africa,2013,true,"Anastasia Unitt, University of Oxford"
131182,South Africa,2013,true,"Anastasia Unitt, University of Oxford"
131183,South Africa,2013,true,"Anastasia Unitt, University of Oxford"
131184,South Africa,2013,true,"Anastasia Unitt, University of Oxford"
131185,South Africa,2013,true,"Anastasia Unitt, University of Oxford"
131186,South Africa,2013,true,"Anastasia Unitt, University of Oxford"
131187,South Africa,2013,true,"Anastasia Unitt, University of Oxford"
131188,South Africa,2013,true,"Anastasia Unitt, University of Oxford"
131189,South Africa,2013,true,"Anastasia Unitt, University of Oxford"
131190,South Africa,2013,true,"Anastasia Unitt, University of Oxford"
131191,South Africa,2013,true,"Anastasia Unitt, University of Oxford"
131192,South Africa,2013,true,"Anastasia Unitt, University of Oxford"
131193,South Africa,2013,true,"Anastasia Unitt, University of Oxford"
131194,South Africa,2013,true,"Anastasia Unitt, University of Oxford"
131195,South Africa,2013,true,"Anastasia Unitt, University of Oxford"
131196,South Africa,2013,true,"Anastasia Unitt, University of Oxford"
131197,South Africa,2013,true,"Anastasia Unitt, University of Oxford"
131198,South Africa,2013,true,"Anastasia Unitt, University of Oxford"
131199,South Africa,2013,true,"Anastasia Unitt, University of Oxford"
131200,South Africa,2013,true,"Anastasia Unitt, University of Oxford"
131201,South Africa,2013,true,"Anastasia Unitt, University of Oxford"
131202,South Africa,2013,true,"Anastasia Unitt, University of Oxford"
131203,South Africa,2013,true,"Anastasia Unitt, University of Oxford"
131204,South Africa,2013,true,"Anastasia Unitt, University of Oxford"
131205,South Africa,2013,true,"Anastasia Unitt, University of Oxford"
131206,South Africa,2013,true,"Anastasia Unitt, University of Oxford"
131207,South Africa,2013,true,"Anastasia Unitt, University of Oxford"
131208,South Africa,2013,true,"Anastasia Unitt, University of Oxford"
131209,South Africa,2013,true,"Anastasia Unitt, University of Oxford"
131210,South Africa,2013,true,"Anastasia Unitt, University of Oxford"
131211,South Africa,2013,true,"Anastasia Unitt, University of Oxford"
131212,South Africa,2013,true,"Anastasia Unitt, University of Oxford"
131213,South Africa,2013,true,"Anastasia Unitt, University of Oxford"
131214,South Africa,2013,true,"Anastasia Unitt, University of Oxford"
131215,South Africa,2013,true,"Anastasia Unitt, University of Oxford"
131216,South Africa,2013,true,"Anastasia Unitt, University of Oxford"
131217,South Africa,2013,true,"Anastasia Unitt, University of Oxford"
131218,South Africa,2013,true,"Anastasia Unitt, University of Oxford"
131219,South Africa,2013,true,"Anastasia Unitt, University of Oxford"
131220,South Africa,2013,true,"Anastasia Unitt, University of Oxford"
131221,South Africa,2014,true,"Anastasia Unitt, University of Oxford"
131222,South Africa,2014,true,"Anastasia Unitt, University of Oxford"
131223,South Africa,2014,true,"Anastasia Unitt, University of Oxford"
131224,South Africa,2014,true,"Anastasia Unitt, University of Oxford"
131225,South Africa,2014,true,"Anastasia Unitt, University of Oxford"
131226,South Africa,2014,true,"Anastasia Unitt, University of Oxford"
131227,South Africa,2014,true,"Anastasia Unitt, University of Oxford"
131228,South Africa,2014,true,"Anastasia Unitt, University of Oxford"
131229,South Africa,2014,true,"Anastasia Unitt, University of Oxford"
131230,South Africa,2014,true,"Anastasia Unitt, University of Oxford"
131231,South Africa,2014,true,"Anastasia Unitt, University of Oxford"
131232,South Africa,2014,true,"Anastasia Unitt, University of Oxford"
131233,South Africa,2014,true,"Anastasia Unitt, University of Oxford"
131234,South Africa,2014,true,"Anastasia Unitt, University of Oxford"
131235,South Africa,2014,true,"Anastasia Unitt, University of Oxford"
131236,South Africa,2014,true,"Anastasia Unitt, University of Oxford"
131237,South Africa,2014,true,"Anastasia Unitt, University of Oxford"
131238,South Africa,2014,true,"Anastasia Unitt, University of Oxford"
131239,South Africa,2014,true,"Anastasia Unitt, University of Oxford"
131240,South Africa,2014,true,"Anastasia Unitt, University of Oxford"
131241,South Africa,2014,true,"Anastasia Unitt, University of Oxford"
131242,South Africa,2014,true,"Anastasia Unitt, University of Oxford"
131243,South Africa,2014,true,"Anastasia Unitt, University of Oxford"
131244,South Africa,2014,true,"Anastasia Unitt, University of Oxford"
131245,South Africa,2014,true,"Anastasia Unitt, University of Oxford"
131246,South Africa,2014,true,"Anastasia Unitt, University of Oxford"
131247,South Africa,2014,true,"Anastasia Unitt, University of Oxford"
131248,South Africa,2014,true,"Anastasia Unitt, University of Oxford"
131249,South Africa,2014,true,"Anastasia Unitt, University of Oxford"
131250,South Africa,2014,true,"Anastasia Unitt, University of Oxford"
131251,South Africa,2014,true,"Anastasia Unitt, University of Oxford"
131252,South Africa,2014,true,"Anastasia Unitt, University of Oxford"
131253,South Africa,2014,true,"Anastasia Unitt, University of Oxford"
131254,South Africa,2014,true,"Anastasia Unitt, University of Oxford"
131255,South Africa,2014,true,"Anastasia Unitt, University of Oxford"
131256,South Africa,2014,true,"Anastasia Unitt, University of Oxford"
131257,South Africa,2014,true,"Anastasia Unitt, University of Oxford"
131258,South Africa,2014,true,"Anastasia Unitt, University of Oxford"
131259,South Africa,2014,true,"Anastasia Unitt, University of Oxford"
131260,South Africa,2014,true,"Anastasia Unitt, University of Oxford"
131261,South Africa,2014,true,"Anastasia Unitt, University of Oxford"
131262,South Africa,2014,true,"Anastasia Unitt, University of Oxford"
131263,South Africa,2014,true,"Anastasia Unitt, University of Oxford"
131264,South Africa,2014,true,"Anastasia Unitt, University of Oxford"
131265,South Africa,2014,true,"Anastasia Unitt, University of Oxford"
131266,South Africa,2014,true,"Anastasia Unitt, University of Oxford"
131267,South Africa,2014,true,"Anastasia Unitt, University of Oxford"
131268,South Africa,2014,true,"Anastasia Unitt, University of Oxford"
131269,South Africa,2014,true,"Anastasia Unitt, University of Oxford"
131270,South Africa,2014,true,"Anastasia Unitt, University of Oxford"
131271,South Africa,2014,true,"Anastasia Unitt, University of Oxford"
131272,South Africa,2014,true,"Anastasia Unitt, University of Oxford"
131273,South Africa,2014,true,"Anastasia Unitt, University of Oxford"
131274,South Africa,2015,true,"Anastasia Unitt, University of Oxford"
131275,South Africa,2015,true,"Anastasia Unitt, University of Oxford"
131276,South Africa,2015,true,"Anastasia Unitt, University of Oxford"
131277,South Africa,2015,true,"Anastasia Unitt, University of Oxford"
131278,South Africa,2015,true,"Anastasia Unitt, University of Oxford"
131279,South Africa,2015,true,"Anastasia Unitt, University of Oxford"
131280,South Africa,2015,true,"Anastasia Unitt, University of Oxford"
131281,South Africa,2015,true,"Anastasia Unitt, University of Oxford"
131282,South Africa,2015,true,"Anastasia Unitt, University of Oxford"
131283,South Africa,2015,true,"Anastasia Unitt, University of Oxford"
131284,South Africa,2015,true,"Anastasia Unitt, University of Oxford"
131285,South Africa,2015,true,"Anastasia Unitt, University of Oxford"
131286,South Africa,2015,true,"Anastasia Unitt, University of Oxford"
131287,South Africa,2015,true,"Anastasia Unitt, University of Oxford"
131288,South Africa,2015,true,"Anastasia Unitt, University of Oxford"
131289,South Africa,2015,true,"Anastasia Unitt, University of Oxford"
131290,South Africa,2015,true,"Anastasia Unitt, University of Oxford"
131291,South Africa,2015,true,"Anastasia Unitt, University of Oxford"
131292,South Africa,2015,true,"Anastasia Unitt, University of Oxford"
131293,South Africa,2015,true,"Anastasia Unitt, University of Oxford"
131294,South Africa,2015,true,"Anastasia Unitt, University of Oxford"
131295,South Africa,2015,true,"Anastasia Unitt, University of Oxford"
131296,South Africa,2015,true,"Anastasia Unitt, University of Oxford"
131297,South Africa,2015,true,"Anastasia Unitt, University of Oxford"
131298,South Africa,2015,true,"Anastasia Unitt, University of Oxford"
131299,South Africa,2015,true,"Anastasia Unitt, University of Oxford"
131300,South Africa,2015,true,"Anastasia Unitt, University of Oxford"
131301,South Africa,2015,true,"Anastasia Unitt, University of Oxford"
131302,South Africa,2015,true,"Anastasia Unitt, University of Oxford"
131303,South Africa,2015,true,"Anastasia Unitt, University of Oxford"
131304,South Africa,2015,true,"Anastasia Unitt, University of Oxford"
131305,South Africa,2015,true,"Anastasia Unitt, University of Oxford"
131306,South Africa,2015,true,"Anastasia Unitt, University of Oxford"
131307,South Africa,2015,true,"Anastasia Unitt, University of Oxford"
131308,South Africa,2015,true,"Anastasia Unitt, University of Oxford"
131309,South Africa,2015,true,"Anastasia Unitt, University of Oxford"
131310,South Africa,2015,true,"Anastasia Unitt, University of Oxford"
131311,South Africa,2015,true,"Anastasia Unitt, University of Oxford"
131312,South Africa,2015,true,"Anastasia Unitt, University of Oxford"
131313,South Africa,2015,true,"Anastasia Unitt, University of Oxford"
131314,South Africa,2015,true,"Anastasia Unitt, University of Oxford"
131315,South Africa,2015,true,"Anastasia Unitt, University of Oxford"
131316,South Africa,2015,true,"Anastasia Unitt, University of Oxford"
131317,South Africa,2015,true,"Anastasia Unitt, University of Oxford"
131318,South Africa,2015,true,"Anastasia Unitt, University of Oxford"
131319,South Africa,2015,true,"Anastasia Unitt, University of Oxford"
131320,South Africa,2015,true,"Anastasia Unitt, University of Oxford"
131321,South Africa,2015,true,"Anastasia Unitt, University of Oxford"
131322,South Africa,2015,true,"Anastasia Unitt, University of Oxford"
131323,South Africa,2015,true,"Anastasia Unitt, University of Oxford"
131324,South Africa,2015,true,"Anastasia Unitt, University of Oxford"
131325,South Africa,2015,true,"Anastasia Unitt, University of Oxford"
131326,South Africa,2015,true,"Anastasia Unitt, University of Oxford"
131327,South Africa,2015,true,"Anastasia Unitt, University of Oxford"
131328,South Africa,2015,true,"Anastasia Unitt, University of Oxford"
131329,South Africa,2016,true,"Anastasia Unitt, University of Oxford"
131330,South Africa,2016,true,"Anastasia Unitt, University of Oxford"
131331,South Africa,2016,true,"Anastasia Unitt, University of Oxford"
131332,South Africa,2016,true,"Anastasia Unitt, University of Oxford"
131333,South Africa,2016,true,"Anastasia Unitt, University of Oxford"
131334,South Africa,2016,true,"Anastasia Unitt, University of Oxford"
131335,South Africa,2016,true,"Anastasia Unitt, University of Oxford"
131336,South Africa,2016,true,"Anastasia Unitt, University of Oxford"
131337,South Africa,2016,true,"Anastasia Unitt, University of Oxford"
131338,South Africa,2016,true,"Anastasia Unitt, University of Oxford"
131339,South Africa,2016,true,"Anastasia Unitt, University of Oxford"
131340,South Africa,2016,true,"Anastasia Unitt, University of Oxford"
131341,South Africa,2016,true,"Anastasia Unitt, University of Oxford"
131342,South Africa,2016,true,"Anastasia Unitt, University of Oxford"
131343,South Africa,2016,true,"Anastasia Unitt, University of Oxford"
131344,South Africa,2016,true,"Anastasia Unitt, University of Oxford"
131345,South Africa,2016,true,"Anastasia Unitt, University of Oxford"
131346,South Africa,2016,true,"Anastasia Unitt, University of Oxford"
131347,South Africa,2016,true,"Anastasia Unitt, University of Oxford"
131348,South Africa,2016,true,"Anastasia Unitt, University of Oxford"
131349,South Africa,2016,true,"Anastasia Unitt, University of Oxford"
131350,South Africa,2016,true,"Anastasia Unitt, University of Oxford"
131351,South Africa,2016,true,"Anastasia Unitt, University of Oxford"
131352,South Africa,2016,true,"Anastasia Unitt, University of Oxford"
131353,South Africa,2016,true,"Anastasia Unitt, University of Oxford"
131354,South Africa,2016,true,"Anastasia Unitt, University of Oxford"
131355,South Africa,2016,true,"Anastasia Unitt, University of Oxford"
131356,South Africa,2016,true,"Anastasia Unitt, University of Oxford"
131357,South Africa,2016,true,"Anastasia Unitt, University of Oxford"
131358,South Africa,2016,true,"Anastasia Unitt, University of Oxford"
131359,South Africa,2016,true,"Anastasia Unitt, University of Oxford"
131360,South Africa,2016,true,"Anastasia Unitt, University of Oxford"
131361,South Africa,2016,true,"Anastasia Unitt, University of Oxford"
131362,South Africa,2016,true,"Anastasia Unitt, University of Oxford"
131363,South Africa,2016,true,"Anastasia Unitt, University of Oxford"
131364,South Africa,2016,true,"Anastasia Unitt, University of Oxford"
131365,South Africa,2016,true,"Anastasia Unitt, University of Oxford"
131366,South Africa,2016,true,"Anastasia Unitt, University of Oxford"
131367,South Africa,2016,true,"Anastasia Unitt, University of Oxford"
131368,South Africa,2016,true,"Anastasia Unitt, University of Oxford"
131369,South Africa,2016,true,"Anastasia Unitt, University of Oxford"
131370,South Africa,2016,true,"Anastasia Unitt, University of Oxford"
131371,South Africa,2016,true,"Anastasia Unitt, University of Oxford"
131372,South Africa,2016,true,"Anastasia Unitt, University of Oxford"
131373,South Africa,2016,true,"Anastasia Unitt, University of Oxford"
131374,South Africa,2017,true,"Anastasia Unitt, University of Oxford"
131375,South Africa,2017,true,"Anastasia Unitt, University of Oxford"
131376,South Africa,2017,true,"Anastasia Unitt, University of Oxford"
131377,South Africa,2017,true,"Anastasia Unitt, University of Oxford"
131378,South Africa,2017,true,"Anastasia Unitt, University of Oxford"
131379,South Africa,2017,true,"Anastasia Unitt, University of Oxford"
131380,South Africa,2017,true,"Anastasia Unitt, University of Oxford"
131381,South Africa,2017,true,"Anastasia Unitt, University of Oxford"
131382,South Africa,2017,true,"Anastasia Unitt, University of Oxford"
136267,Uganda,,false,
136268,Uganda,,false,
136269,Uganda,,false,
136270,Uganda,,false,
136271,Uganda,,false,
136272,Uganda,,false,
136273,Uganda,,false,
136274,Uganda,,false,
136275,Uganda,,false,
136276,Uganda,,false,
136277,Uganda,,false,
136278,Uganda,,false,
136279,Uganda,,false,
136280,Uganda,,false,
136281,Uganda,,false,
136282,Uganda,,false,
136283,Uganda,,false,
136284,Uganda,,false,
136285,Uganda,,false,
136286,Uganda,,false,
136287,Uganda,,false,
136288,Uganda,,false,
136289,Uganda,,false,
136290,Uganda,,false,
136291,Uganda,,false,
136292,Uganda,,false,
136293,Uganda,,false,
136294,Uganda,,false,
136295,Uganda,,false,
136296,Uganda,,false,
136297,Uganda,,false,
136298,Uganda,,false,
136299,Uganda,,false,
136300,Uganda,,false,
136301,Uganda,,false,
136302,Uganda,,false,
136303,Uganda,,false,
136304,Uganda,,false,
136305,Uganda,,false,
136306,Uganda,,false,
136307,Uganda,,false,
136308,Uganda,,false,
136309,Uganda,,false,
136310,Uganda,,false,
136311,Uganda,,false,
136312,Uganda,,false,
136313,Uganda,,false,
136314,Uganda,,false,
136315,Uganda,,false,
136316,Uganda,,false,
136317,Uganda,,false,
136318,Uganda,,false,
136319,Uganda,,false,
136320,Uganda,,false,
136321,Uganda,,false,
136322,Uganda,,false,
136323,Uganda,,false,
136324,Uganda,,false,
136325,Uganda,,false,
136326,Uganda,,false,
136327,Uganda,,false,
136328,Uganda,,false,
136329,Uganda,,false,
136330,Uganda,,false,
136331,Uganda,,false,
136332,Uganda,,false,
136333,Uganda,,false,
136334,Uganda,,false,
136335,Uganda,,false,
136336,Uganda,,false,
136337,Uganda,,false,
136338,Uganda,,false,
136339,Uganda,,false,
136340,Uganda,,false,
136341,Uganda,,false,
136342,Uganda,,false,
136343,Uganda,,false,
136344,Uganda,,false,
136345,Uganda,,false,
136346,Uganda,,false,
136347,Uganda,,false,
136348,Uganda,,false,
136349,Uganda,,false,
136350,Uganda,,false,
136351,Uganda,,false,
136352,Uganda,,false,
136353,Uganda,,false,
136354,Uganda,,false,
136355,Uganda,,false,
136356,Uganda,,false,
136357,Uganda,,false,
136358,Uganda,,false,
136359,Uganda,,false,
136360,Uganda,,false,
136361,Uganda,,false,
136362,Uganda,,false,
136363,Uganda,,false,
136364,Uganda,,false,
136365,Uganda,,false,
136366,Uganda,,false,
136367,Uganda,,false,
136368,Uganda,,false,
136369,Uganda,,false,
136370,Uganda,,false,
136371,Uganda,,false,
136372,Uganda,,false,
136373,Uganda,,false,
136374,Uganda,,false,
136375,Uganda,,false,
136376,Uganda,,false,
136377,Uganda,,false,
136378,Uganda,,false,
136379,Uganda,,false,
136380,Uganda,,false,
136381,Uganda,,false,
136382,Uganda,,false,
136383,Uganda,,false,
136384,Uganda,,false,
136385,Uganda,,false,
136386,Uganda,,false,
136387,Uganda,,false,
136388,Uganda,,false,
136389,Uganda,,false,
136390,Uganda,,false,
136391,Uganda,,false,
136392,Uganda,,false,
136393,Uganda,,false,
136394,Uganda,,false,
136395,Uganda,,false,
136396,Uganda,,false,
136397,Uganda,,false,
136398,Uganda,,false,
136399,Uganda,,false,
136400,Uganda,,false,
136401,Uganda,,false,
136402,Uganda,,false,
136403,Uganda,,false,
136404,Uganda,,false,
136405,Uganda,,false,
136406,Uganda,,false,
136407,Uganda,,false,
136408,Uganda,,false,
136409,Uganda,,false,
136410,Uganda,,false,
136411,Uganda,,false,
136412,Uganda,,false,
136413,Uganda,,false,
136414,Uganda,,false,
136415,Uganda,,false,
136416,Uganda,,false,
136417,Uganda,,false,
136418,Uganda,,false,
136419,Uganda,,false,
136420,Uganda,,false,
136421,Uganda,,false,
136422,Uganda,,false,
136423,Uganda,,false,
136424,Uganda,,false,
136425,Uganda,,false,
136426,Uganda,,false,
136427,Uganda,,false,
136428,Uganda,,false,
136429,Uganda,,false,
136430,Uganda,,false,
136431,Uganda,,false,
136432,Uganda,,false,
136433,Uganda,,false,
136434,Uganda,,false,
136435,Uganda,,false,
136436,Uganda,,false,
136437,Uganda,,false,
136438,Uganda,,false,
136439,Uganda,,false,
136440,Uganda,,false,
136441,Uganda,,false,
136442,Uganda,,false,
136443,Uganda,,false,
136444,Uganda,,false,
136445,Uganda,,false,
136446,Uganda,,false,
136447,Uganda,,false,
136448,Uganda,,false,
136449,Uganda,,false,
136450,Uganda,,false,
136451,Uganda,,false,
136452,Uganda,,false,
136453,Uganda,,false,
136454,Uganda,,false,
136455,Uganda,,false,
136456,Uganda,,false,
136457,Uganda,,false,
136458,Uganda,,false,
136459,Uganda,,false,
136460,Uganda,,false,
136461,Uganda,,false,
136462,Uganda,,false,
136463,Uganda,,false,
136464,Uganda,,false,
136465,Uganda,,false,
136466,Uganda,,false,
136467,Uganda,,false,
136468,Uganda,,false,
136469,Uganda,,false,
136470,Uganda,,false,
136471,Uganda,,false,
136472,Uganda,,false,
136473,Uganda,,false,
136474,Uganda,,false,
136475,Uganda,,false,
136476,Uganda,,false,
136477,Uganda,,false,
136478,Uganda,,false,
136479,Uganda,,false,
136480,Uganda,,false,
136481,Uganda,,false,
136482,Uganda,,false,
136483,Uganda,,false,
136484,Uganda,,false,
136485,Uganda,,false,
136486,Uganda,,false,
136487,Uganda,,false,
136488,Uganda,,false,
136489,Uganda,,false,
136490,Uganda,,false,
136491,Uganda,,false,
136492,Uganda,,false,
136493,Uganda,,false,
136494,Uganda,,false,
136495,Uganda,,false,
136496,Uganda,,false,
136497,Uganda,,false,
136498,Uganda,,false,
136499,Uganda,,false,
136500,Uganda,,false,
136501,Uganda,,false,
136502,Uganda,,false,
136503,Uganda,,false,
136504,Uganda,,false,
136505,Uganda,,false,
136506,Uganda,,false,
136507,Uganda,,false,
136508,Uganda,,false,
136509,Uganda,,false,
136510,Uganda,,false,
136511,Uganda,,false,
136512,Uganda,,false,
136513,Uganda,,false,
136514,Uganda,,false,
136515,Uganda,,false,
136516,Uganda,,false,
136517,Uganda,,false,
136518,Uganda,,false,
136519,Uganda,,false,
136520,Uganda,,false,
136521,Uganda,,false,
136522,Uganda,,false,
136523,Uganda,,false,
136524,Uganda,,false,
136525,Uganda,,false,
136526,Uganda,,false,
136527,Uganda,,false,
136528,Uganda,,false,
136529,Uganda,,false,
136530,Uganda,,false,
136531,Uganda,,false,
136532,Uganda,,false,
136533,Uganda,,false,
136534,Uganda,,false,
136535,Uganda,,false,
136536,Uganda,,false,
136537,Uganda,,false,
136538,Uganda,,false,
136539,Uganda,,false,
136540,Uganda,,false,
136541,Uganda,,false,
136542,Uganda,,false,
136543,Uganda,,false,
136544,Uganda,,false,
136545,Uganda,,false,
136546,Uganda,,false,
136547,Uganda,,false,
136548,Uganda,,false,
136549,Uganda,,false,
136550,Uganda,,false,
136551,Uganda,,false,
136552,Uganda,,false,
136553,Uganda,,false,
136554,Uganda,,false,
136555,Uganda,,false,
136556,Uganda,,false,
136557,Uganda,,false,
136558,Uganda,,false,
136559,Uganda,,false,
136560,Uganda,,false,
136561,Uganda,,false,
136562,Uganda,,false,
136563,Uganda,,false,
136564,Uganda,,false,
136565,Uganda,,false,
136566,Uganda,,false,
136567,Uganda,,false,
136568,Uganda,,false,
136569,Uganda,,false,
136570,Uganda,,false,
136571,Uganda,,false,
136572,Uganda,,false,
136573,Uganda,,false,
136574,Uganda,,false,
136575,Uganda,,false,
136576,Uganda,,false,
136577,Uganda,,false,
136578,Uganda,,false,
136579,Uganda,,false,
136580,Uganda,,false,
136581,Uganda,,false,
136582,Uganda,,false,
136583,Uganda,,false,
136584,Uganda,,false,
136585,Uganda,,false,
136586,Uganda,,false,
136587,Uganda,,false,
136588,Uganda,,false,
136589,Uganda,,false,
136590,Uganda,,false,
136591,Uganda,,false,
136592,Uganda,,false,
136593,Uganda,,false,
136594,Uganda,,false,
136595,Uganda,,false,
136596,Uganda,,false,
136597,Uganda,,false,
136598,Uganda,,false,
136599,Uganda,,false,
136600,Uganda,,false,
136601,Uganda,,false,
136602,Uganda,,false,
136603,Uganda,,false,
136604,Uganda,,false,
136605,Uganda,,false,
136606,Uganda,,false,
136607,Uganda,,false,
136608,Uganda,,false,
136609,Uganda,,false,
136610,Uganda,,false,
136611,Uganda,,false,
136612,Uganda,,false,
136613,Uganda,,false,
136614,Uganda,,false,
136615,Uganda,,false,
136616,Uganda,,false,
136617,Uganda,,false,
136618,Uganda,,false,
136619,Uganda,,false,
136620,Uganda,,false,
136621,Uganda,,false,
136622,Uganda,,false,
136623,Uganda,,false,
136624,Uganda,,false,
136625,Uganda,,false,
136626,Uganda,,false,
136627,Uganda,,false,
136628,Uganda,,false,
136629,Uganda,,false,
136630,Uganda,,false,
136631,Uganda,,false,
136632,Uganda,,false,
136633,Uganda,,false,
136634,Uganda,,false,
136635,Uganda,,false,
136636,Uganda,,false,
136637,Uganda,,false,
136638,Uganda,,false,
136639,Uganda,,false,
136640,Uganda,,false,
136641,Uganda,,false,
136642,Uganda,,false,
136643,Uganda,,false,
136644,Uganda,,false,
136645,Uganda,,false,
136646,Uganda,,false,
136647,Uganda,,false,
136648,Uganda,,false,
136649,Uganda,,false,
136650,Uganda,,false,
136651,Uganda,,false,
136652,Uganda,,false,
136653,Uganda,,false,
136654,Uganda,,false,
136655,Uganda,,false,
136656,Uganda,,false,
136657,Uganda,,false,
136658,Uganda,,false,
136659,Uganda,,false,
136660,Uganda,,false,
136661,Uganda,,false,
136662,Uganda,,false,
136663,Uganda,,false,
136664,Uganda,,false,
136665,Uganda,,false,
136666,Uganda,,false,
136667,Uganda,,false,
138602,Burkina Faso,,false,
138603,Burkina Faso,,false,
138604,Burkina Faso,,false,
138605,Burkina Faso,,false,
138606,Burkina Faso,,false,
138607,Burkina Faso,,false,
138608,Burkina Faso,,false,
138609,Burkina Faso,,false,
138610,Burkina Faso,,false,
138611,Burkina Faso,,false,
138612,Burkina Faso,,false,
138613,Burkina Faso,,false,
138614,Burkina Faso,,false,
138615,Burkina Faso,,false,
138616,Burkina Faso,,false,
138617,Burkina Faso,,false,
138618,Burkina Faso,,false,
138619,Burkina Faso,,false,
138620,Burkina Faso,,false,
138621,Burkina Faso,,false,
138622,Burkina Faso,,false,
138623,Burkina Faso,,false,
138624,Burkina Faso,,false,
138625,Burkina Faso,,false,
138626,Burkina Faso,,false,
138627,Burkina Faso,,false,
138628,Burkina Faso,,false,
138629,Burkina Faso,,false,
138630,Burkina Faso,,false,
138631,Burkina Faso,,false,
138632,Burkina Faso,,false,
138633,Burkina Faso,,false,
138634,Burkina Faso,,false,
138635,Burkina Faso,,false,
138636,Burkina Faso,,false,
138637,Burkina Faso,,false,
138638,Burkina Faso,,false,
138639,Burkina Faso,,false,
138640,Burkina Faso,,false,
138641,Burkina Faso,,false,
138642,Burkina Faso,,false,
138643,Burkina Faso,,false,
138644,Burkina Faso,,false,
138645,Burkina Faso,,false,
138646,Burkina Faso,,false,
138647,Burkina Faso,,false,
138648,Burkina Faso,,false,
138649,Burkina Faso,,false,
138650,Burkina Faso,,false,
138651,Burkina Faso,,false,
138652,Burkina Faso,,false,
138653,Burkina Faso,,false,
138787,South Africa,2022,false,
139453,South Africa,2023,false,
139454,South Africa,2023,false,
139455,South Africa,2023,false,
139860,South Africa,2023,false,
139861,South Africa,2023,false,
139862,South Africa,2023,false,
140559,South Africa,2017,true,"Odile Harrison, University of Oxford, UK"
140560,South Africa,2017,true,"Odile Harrison, University of Oxford, UK"
140561,South Africa,2017,true,"Odile Harrison, University of Oxford, UK"
140562,South Africa,2018,true,"Odile Harrison, University of Oxford, UK"
140563,South Africa,2018,true,"Odile Harrison, University of Oxford, UK"
140564,South Africa,2018,true,"Odile Harrison, University of Oxford, UK"
140565,South Africa,2018,true,"Odile Harrison, University of Oxford, UK"
140566,South Africa,2018,true,"Odile Harrison, University of Oxford, UK"
140567,South Africa,2018,true,"Odile Harrison, University of Oxford, UK"
140568,South Africa,2018,true,"Odile Harrison, University of Oxford, UK"
140569,South Africa,2018,true,"Odile Harrison, University of Oxford, UK"
140570,South Africa,2018,true,"Odile Harrison, University of Oxford, UK"
140571,South Africa,2018,true,"Odile Harrison, University of Oxford, UK"
140572,South Africa,2019,true,"Odile Harrison, University of Oxford, UK"
140573,South Africa,2019,true,"Odile Harrison, University of Oxford, UK"
140574,South Africa,2019,true,"Odile Harrison, University of Oxford, UK"
140575,South Africa,2019,true,"Odile Harrison, University of Oxford, UK"
140576,South Africa,2019,true,"Odile Harrison, University of Oxford, UK"
140577,South Africa,2020,true,"Odile Harrison, University of Oxford, UK"
140578,South Africa,2020,true,"Odile Harrison, University of Oxford, UK"
140579,South Africa,2020,true,"Odile Harrison, University of Oxford, UK"
140580,South Africa,2020,true,"Odile Harrison, University of Oxford, UK"
140581,South Africa,2020,true,"Odile Harrison, University of Oxford, UK"
140582,South Africa,2020,true,"Odile Harrison, University of Oxford, UK"
140583,South Africa,2020,true,"Odile Harrison, University of Oxford, UK"
140584,South Africa,2021,true,"Odile Harrison, University of Oxford, UK"
140585,South Africa,2021,true,"Odile Harrison, University of Oxford, UK"
140586,South Africa,2021,true,"Odile Harrison, University of Oxford, UK"
140587,South Africa,2021,true,"Odile Harrison, University of Oxford, UK"
140588,South Africa,2021,true,"Odile Harrison, University of Oxford, UK"
140589,South Africa,2021,true,"Odile Harrison, University of Oxford, UK"
140590,South Africa,2021,true,"Odile Harrison, University of Oxford, UK"
140591,South Africa,2021,true,"Odile Harrison, University of Oxford, UK"
140592,South Africa,2021,true,"Odile Harrison, University of Oxford, UK"
140593,South Africa,2021,true,"Odile Harrison, University of Oxford, UK"
140594,South Africa,2021,true,"Odile Harrison, University of Oxford, UK"
140595,South Africa,2021,true,"Odile Harrison, University of Oxford, UK"
140596,South Africa,2021,true,"Odile Harrison, University of Oxford, UK"
140597,South Africa,2021,true,"Odile Harrison, University of Oxford, UK"
140598,South Africa,2021,true,"Odile Harrison, University of Oxford, UK"
140599,South Africa,2021,true,"Odile Harrison, University of Oxford, UK"
140600,South Africa,2022,true,"Odile Harrison, University of Oxford, UK"
140601,South Africa,2017,true,"Odile Harrison, University of Oxford, UK"
140602,South Africa,2017,true,"Odile Harrison, University of Oxford, UK"
140603,South Africa,2017,true,"Odile Harrison, University of Oxford, UK"
140604,South Africa,2017,true,"Odile Harrison, University of Oxford, UK"
140605,South Africa,2017,true,"Odile Harrison, University of Oxford, UK"
140611,South Africa,2019,true,"Odile Harrison, University of Oxford, UK"
140612,South Africa,2019,true,"Odile Harrison, University of Oxford, UK"
140613,South Africa,2019,true,"Odile Harrison, University of Oxford, UK"
140617,South Africa,2020,true,"Odile Harrison, University of Oxford, UK"
140618,South Africa,2021,true,"Odile Harrison, University of Oxford, UK"
140619,South Africa,2021,true,"Odile Harrison, University of Oxford, UK"
143552,Ethiopia,2022,false,
143553,Ethiopia,2022,false,
143554,Ethiopia,2022,false,
143555,Ethiopia,2022,false,
143556,Ethiopia,2022,false,
144414,Kenya,2002,false,
144419,Kenya,2007,false,
144426,Kenya,2002,false,
144429,Kenya,2003,false,
144430,Kenya,2003,false,
144432,Kenya,2004,false,
144438,Kenya,2004,false,
144440,Kenya,2008,false,
144444,Kenya,2006,false,
144447,Kenya,2008,false,
144448,Kenya,2006,false,
144868,Lesotho,2022,false,
144869,Lesotho,2022,false,
144870,Lesotho,2022,false,
144871,Lesotho,2022,false,
144872,Lesotho,2022,false,
144873,Lesotho,2022,false,
144874,Lesotho,2022,false,
144990,Kenya,2008,false,
144991,Kenya,2008,false,
144992,Kenya,2007,false,
144998,Kenya,2007,false,
145001,Kenya,2007,false,
147574,Lesotho,2023,false,
147575,Lesotho,2022,false,
147576,Lesotho,2022,false,
147577,Lesotho,2022,false,
147578,Lesotho,2022,false,
147579,Lesotho,2022,false,
147580,Lesotho,2022,false,
147581,Lesotho,2022,false,
147582,Lesotho,2023,false,
147583,Lesotho,2023,false,
147584,Lesotho,2023,false,
147585,Lesotho,2023,false,
147586,Lesotho,2023,false,
147587,Lesotho,2023,false,
147588,Lesotho,2023,false,
147589,Lesotho,2023,false,
147590,Lesotho,2023,false,
147591,Lesotho,2023,false,
147592,Lesotho,2023,false,
150066,Lesotho,2023,false,
150067,Lesotho,2023,false,
150068,Lesotho,2023,false,
150069,Lesotho,2023,false,
150070,Lesotho,2023,false,
150071,Lesotho,2023,false,
150072,Lesotho,2023,false,
150073,Lesotho,2023,false,
154263,South Africa,2013,false,
154264,South Africa,2013,false,
154265,South Africa,2013,false,
154266,South Africa,2013,false,
154267,South Africa,2013,false,
154268,South Africa,2013,false,
154269,South Africa,2013,false,
154270,South Africa,2013,false,
154271,South Africa,2013,false,
154272,South Africa,2013,false,
154273,South Africa,2013,false,
154274,South Africa,2013,false,
154275,South Africa,2013,false,
154276,South Africa,2013,false,
154277,South Africa,2013,false,
154278,South Africa,2013,false,
154279,South Africa,2013,false,
154280,South Africa,2013,false,
154281,South Africa,2013,false,
154282,South Africa,2013,false,
154283,South Africa,2013,false,
154284,South Africa,2013,false,
154285,South Africa,2013,false,
154286,South Africa,2014,false,
154287,South Africa,2014,false,
154288,South Africa,2014,false,
154289,South Africa,2014,false,
154290,South Africa,2014,false,
154291,South Africa,2014,false,
154292,South Africa,2014,false,
154293,South Africa,2014,false,
154294,South Africa,2014,false,
154295,South Africa,2014,false,
154296,South Africa,2014,false,
154297,South Africa,2014,false,
154298,South Africa,2014,false,
154299,South Africa,2014,false,
154300,South Africa,2014,false,
154301,South Africa,2014,false,
154302,South Africa,2014,false,
154303,South Africa,2014,false,
154304,South Africa,2014,false,
154305,South Africa,2014,false,
154306,South Africa,2014,false,
154307,South Africa,2014,false,
154308,South Africa,2014,false,
154309,South Africa,2014,false,
154310,South Africa,2014,false,
154311,South Africa,2014,false,
154312,South Africa,2014,false,
154313,South Africa,2014,false,
154314,South Africa,2014,false,
154315,South Africa,2014,false,
154437,Kenya,2021,false,
154438,Kenya,2021,false,
154439,Kenya,2021,false,
154440,Kenya,2021,false,
154441,Kenya,2021,false,
154442,Kenya,2021,false,
154443,Kenya,2021,false,
154444,Kenya,2021,false,
154445,Kenya,2021,false,
154446,Kenya,2021,false,
154447,Kenya,2021,false,
154448,Kenya,2021,false,
154449,Kenya,2021,false,
154450,Kenya,2021,false,
154451,Kenya,2021,false,
154452,Kenya,2021,false,
154453,Kenya,2021,false,
154454,Kenya,2021,false,
154455,Kenya,2021,false,
154456,Kenya,2021,false,
154457,Kenya,2021,false,
154458,Kenya,2021,false,
154459,Kenya,2021,false,
154460,Kenya,2021,false,
154461,Kenya,2021,false,
154462,Kenya,2021,false,
154463,Kenya,2021,false,
154464,Kenya,2021,false,
154465,Kenya,2021,false,
154466,Kenya,2021,false,
154467,Kenya,2021,false,
154468,Kenya,2021,false,
154469,Kenya,2021,false,
154470,Kenya,2021,false,
154471,Kenya,2021,false,
154472,Kenya,2021,false,
154473,Kenya,2021,false,
154474,Kenya,2021,false,
154475,Kenya,2021,false,
154476,Kenya,2021,false,
154477,Kenya,2021,false,
154478,Kenya,2021,false,
154479,Kenya,2021,false,
154480,Kenya,2021,false,
154481,Kenya,2021,false,
154482,Kenya,2021,false,
154483,Kenya,2021,false,
154484,Kenya,2021,false,
154485,Kenya,2021,false,
154486,Kenya,2021,false,
154487,Kenya,2021,false,
154488,Kenya,2021,false,
154489,Kenya,2021,false,
154490,Kenya,2021,false,
154491,Kenya,2021,false,
154492,Kenya,2021,false,
154493,Kenya,2021,false,
154494,Kenya,2021,false,
154495,Kenya,2021,false,
154597,Kenya,2021,false,
154598,Kenya,2021,false,
155409,South Africa,2012,true,"Odile Harrison, University of Oxford, UK"
155410,South Africa,2013,true,"Odile Harrison, University of Oxford, UK"
155411,South Africa,2013,true,"Odile Harrison, University of Oxford, UK"
155412,South Africa,2013,true,"Odile Harrison, University of Oxford, UK"
155413,South Africa,2013,true,"Odile Harrison, University of Oxford, UK"
155414,South Africa,2013,true,"Odile Harrison, University of Oxford, UK"
155415,South Africa,2013,true,"Odile Harrison, University of Oxford, UK"
155416,South Africa,2013,true,"Odile Harrison, University of Oxford, UK"
155417,South Africa,2013,true,"Odile Harrison, University of Oxford, UK"
155418,South Africa,2013,true,"Odile Harrison, University of Oxford, UK"
155419,South Africa,2013,true,"Odile Harrison, University of Oxford, UK"
155420,South Africa,2013,true,"Odile Harrison, University of Oxford, UK"
155421,South Africa,2013,true,"Odile Harrison, University of Oxford, UK"
155422,South Africa,2013,true,"Odile Harrison, University of Oxford, UK"
155423,South Africa,2013,true,"Odile Harrison, University of Oxford, UK"
155424,South Africa,2013,true,"Odile Harrison, University of Oxford, UK"
155425,South Africa,2014,true,"Odile Harrison, University of Oxford, UK"
155426,South Africa,2015,true,"Odile Harrison, University of Oxford, UK"
155427,South Africa,2015,true,"Odile Harrison, University of Oxford, UK"
155428,South Africa,2015,true,"Odile Harrison, University of Oxford, UK"
155429,South Africa,2015,true,"Odile Harrison, University of Oxford, UK"
155431,South Africa,2015,true,"Odile Harrison, University of Oxford, UK"
155433,South Africa,2015,true,"Odile Harrison, University of Oxford, UK"
155434,South Africa,2016,true,"Odile Harrison, University of Oxford, UK"
155435,South Africa,2017,true,"Odile Harrison, University of Oxford, UK"
155436,South Africa,2017,true,"Odile Harrison, University of Oxford, UK"
155437,South Africa,2017,true,"Odile Harrison, University of Oxford, UK"
155438,South Africa,2017,true,"Odile Harrison, University of Oxford, UK"
155439,South Africa,2017,true,"Odile Harrison, University of Oxford, UK"
155440,South Africa,2017,true,"Odile Harrison, University of Oxford, UK"
155441,South Africa,2017,true,"Odile Harrison, University of Oxford, UK"
155442,South Africa,2017,true,"Odile Harrison, University of Oxford, UK"
155443,South Africa,2017,true,"Odile Harrison, University of Oxford, UK"
155444,South Africa,2017,true,"Odile Harrison, University of Oxford, UK"
155445,South Africa,2017,true,"Odile Harrison, University of Oxford, UK"
155446,South Africa,2017,true,"Odile Harrison, University of Oxford, UK"
155447,South Africa,2017,true,"Odile Harrison, University of Oxford, UK"
155448,South Africa,2017,true,"Odile Harrison, University of Oxford, UK"
155449,South Africa,2017,true,"Odile Harrison, University of Oxford, UK"
155450,South Africa,2017,true,"Odile Harrison, University of Oxford, UK"
155451,South Africa,2017,true,"Odile Harrison, University of Oxford, UK"
155452,South Africa,2017,true,"Odile Harrison, University of Oxford, UK"
155453,South Africa,2017,true,"Odile Harrison, University of Oxford, UK"
155454,South Africa,2017,true,"Odile Harrison, University of Oxford, UK"
155455,South Africa,2017,true,"Odile Harrison, University of Oxford, UK"
155456,South Africa,2017,true,"Odile Harrison, University of Oxford, UK"
155457,South Africa,2017,true,"Odile Harrison, University of Oxford, UK"
155458,South Africa,2017,true,"Odile Harrison, University of Oxford, UK"
155459,South Africa,2017,true,"Odile Harrison, University of Oxford, UK"
155460,South Africa,2017,true,"Odile Harrison, University of Oxford, UK"
155461,South Africa,2017,true,"Odile Harrison, University of Oxford, UK"
155462,South Africa,2017,true,"Odile Harrison, University of Oxford, UK"
155463,South Africa,2017,true,"Odile Harrison, University of Oxford, UK"
155464,South Africa,2017,true,"Odile Harrison, University of Oxford, UK"
155465,South Africa,2017,true,"Odile Harrison, University of Oxford, UK"
155466,South Africa,2017,true,"Odile Harrison, University of Oxford, UK"
155467,South Africa,2017,true,"Odile Harrison, University of Oxford, UK"
155468,South Africa,2017,true,"Odile Harrison, University of Oxford, UK"
155469,South Africa,2017,true,"Odile Harrison, University of Oxford, UK"
155470,South Africa,2017,true,"Odile Harrison, University of Oxford, UK"
155471,South Africa,2017,true,"Odile Harrison, University of Oxford, UK"
155472,South Africa,2017,true,"Odile Harrison, University of Oxford, UK"
155473,South Africa,2017,true,"Odile Harrison, University of Oxford, UK"
155474,South Africa,2017,true,"Odile Harrison, University of Oxford, UK"
155475,South Africa,2017,true,"Odile Harrison, University of Oxford, UK"
155476,South Africa,2017,true,"Odile Harrison, University of Oxford, UK"
155477,South Africa,2017,true,"Odile Harrison, University of Oxford, UK"
155478,South Africa,2017,true,"Odile Harrison, University of Oxford, UK"
155479,South Africa,2017,true,"Odile Harrison, University of Oxford, UK"
155480,South Africa,2017,true,"Odile Harrison, University of Oxford, UK"
155481,South Africa,2017,true,"Odile Harrison, University of Oxford, UK"
155482,South Africa,2017,true,"Odile Harrison, University of Oxford, UK"
155483,South Africa,2012,true,"Odile Harrison, University of Oxford, UK"
155484,South Africa,2012,true,"Odile Harrison, University of Oxford, UK"
155485,South Africa,2012,true,"Odile Harrison, University of Oxford, UK"
155486,South Africa,2012,true,"Odile Harrison, University of Oxford, UK"
155487,South Africa,2012,true,"Odile Harrison, University of Oxford, UK"
155488,South Africa,2012,true,"Odile Harrison, University of Oxford, UK"
155489,South Africa,2012,true,"Odile Harrison, University of Oxford, UK"
155490,South Africa,2012,true,"Odile Harrison, University of Oxford, UK"
155491,South Africa,2012,true,"Odile Harrison, University of Oxford, UK"
155492,South Africa,2012,true,"Odile Harrison, University of Oxford, UK"
155493,South Africa,2012,true,"Odile Harrison, University of Oxford, UK"
155494,South Africa,2012,true,"Odile Harrison, University of Oxford, UK"
155495,South Africa,2012,true,"Odile Harrison, University of Oxford, UK"
155496,South Africa,2012,true,"Odile Harrison, University of Oxford, UK"
155497,South Africa,2012,true,"Odile Harrison, University of Oxford, UK"
155498,South Africa,2012,true,"Odile Harrison, University of Oxford, UK"
155499,South Africa,2012,true,"Odile Harrison, University of Oxford, UK"
155500,South Africa,2012,true,"Odile Harrison, University of Oxford, UK"
155501,South Africa,2012,true,"Odile Harrison, University of Oxford, UK"
155502,South Africa,2012,true,"Odile Harrison, University of Oxford, UK"
155503,South Africa,2012,true,"Odile Harrison, University of Oxford, UK"
155504,South Africa,2012,true,"Odile Harrison, University of Oxford, UK"
155508,South Africa,2012,true,"Odile Harrison, University of Oxford, UK"
155509,South Africa,2012,true,"Odile Harrison, University of Oxford, UK"
155510,South Africa,2012,true,"Odile Harrison, University of Oxford, UK"
155511,South Africa,2012,true,"Odile Harrison, University of Oxford, UK"
155512,South Africa,2012,true,"Odile Harrison, University of Oxford, UK"
155513,South Africa,2013,true,"Odile Harrison, University of Oxford, UK"
155514,South Africa,2013,true,"Odile Harrison, University of Oxford, UK"
155515,South Africa,2013,true,"Odile Harrison, University of Oxford, UK"
155516,South Africa,2013,true,"Odile Harrison, University of Oxford, UK"
155517,South Africa,2013,true,"Odile Harrison, University of Oxford, UK"
155518,South Africa,2013,true,"Odile Harrison, University of Oxford, UK"
155519,South Africa,2013,true,"Odile Harrison, University of Oxford, UK"
155520,South Africa,2013,true,"Odile Harrison, University of Oxford, UK"
155521,South Africa,2013,true,"Odile Harrison, University of Oxford, UK"
155522,South Africa,2013,true,"Odile Harrison, University of Oxford, UK"
155523,South Africa,2013,true,"Odile Harrison, University of Oxford, UK"
155524,South Africa,2013,true,"Odile Harrison, University of Oxford, UK"
155525,South Africa,2013,true,"Odile Harrison, University of Oxford, UK"
155526,South Africa,2013,true,"Odile Harrison, University of Oxford, UK"
155527,South Africa,2013,true,"Odile Harrison, University of Oxford, UK"
155528,South Africa,2013,true,"Odile Harrison, University of Oxford, UK"
155529,South Africa,2013,true,"Odile Harrison, University of Oxford, UK"
155530,South Africa,2013,true,"Odile Harrison, University of Oxford, UK"
155531,South Africa,2013,true,"Odile Harrison, University of Oxford, UK"
155532,South Africa,2013,true,"Odile Harrison, University of Oxford, UK"
155533,South Africa,2013,true,"Odile Harrison, University of Oxford, UK"
155534,South Africa,2013,true,"Odile Harrison, University of Oxford, UK"
155535,South Africa,2013,true,"Odile Harrison, University of Oxford, UK"
155536,South Africa,2013,true,"Odile Harrison, University of Oxford, UK"
155537,South Africa,2013,true,"Odile Harrison, University of Oxford, UK"
155538,South Africa,2013,true,"Odile Harrison, University of Oxford, UK"
155539,South Africa,2015,true,"Odile Harrison, University of Oxford, UK"
155540,South Africa,2015,true,"Odile Harrison, University of Oxford, UK"
155541,South Africa,2015,true,"Odile Harrison, University of Oxford, UK"
155542,South Africa,2015,true,"Odile Harrison, University of Oxford, UK"
155543,South Africa,2015,true,"Odile Harrison, University of Oxford, UK"
155544,South Africa,2015,true,"Odile Harrison, University of Oxford, UK"
155545,South Africa,2015,true,"Odile Harrison, University of Oxford, UK"
155546,South Africa,2015,true,"Odile Harrison, University of Oxford, UK"
155547,South Africa,2015,true,"Odile Harrison, University of Oxford, UK"
155548,South Africa,2015,true,"Odile Harrison, University of Oxford, UK"
155549,South Africa,2015,true,"Odile Harrison, University of Oxford, UK"
155550,South Africa,2014,true,"Odile Harrison, University of Oxford, UK"
155551,South Africa,2014,true,"Odile Harrison, University of Oxford, UK"
155552,South Africa,2014,true,"Odile Harrison, University of Oxford, UK"
155553,South Africa,2014,true,"Odile Harrison, University of Oxford, UK"
155554,South Africa,2014,true,"Odile Harrison, University of Oxford, UK"
155555,South Africa,2014,true,"Odile Harrison, University of Oxford, UK"
155556,South Africa,2014,true,"Odile Harrison, University of Oxford, UK"
155557,South Africa,2014,true,"Odile Harrison, University of Oxford, UK"
155558,South Africa,2014,true,"Odile Harrison, University of Oxford, UK"
155559,South Africa,2014,true,"Odile Harrison, University of Oxford, UK"
155560,South Africa,2014,true,"Odile Harrison, University of Oxford, UK"
155561,South Africa,2014,true,"Odile Harrison, University of Oxford, UK"
155562,South Africa,2014,true,"Odile Harrison, University of Oxford, UK"
155563,South Africa,2014,true,"Odile Harrison, University of Oxford, UK"
155564,South Africa,2014,true,"Odile Harrison, University of Oxford, UK"
155565,South Africa,2014,true,"Odile Harrison, University of Oxford, UK"
155566,South Africa,2014,true,"Odile Harrison, University of Oxford, UK"
155567,South Africa,2014,true,"Odile Harrison, University of Oxford, UK"
155568,South Africa,2014,true,"Odile Harrison, University of Oxford, UK"
155569,South Africa,2014,true,"Odile Harrison, University of Oxford, UK"
155570,South Africa,2014,true,"Odile Harrison, University of Oxford, UK"
155571,South Africa,2014,true,"Odile Harrison, University of Oxford, UK"
155572,South Africa,2014,true,"Odile Harrison, University of Oxford, UK"
155573,South Africa,2014,true,"Odile Harrison, University of Oxford, UK"
155574,South Africa,2014,true,"Odile Harrison, University of Oxford, UK"
155575,South Africa,2014,true,"Odile Harrison, University of Oxford, UK"
155576,South Africa,2014,true,"Odile Harrison, University of Oxford, UK"
155577,South Africa,2020,true,"Odile Harrison, University of Oxford, UK"
155578,South Africa,2020,true,"Odile Harrison, University of Oxford, UK"
155579,South Africa,2020,true,"Odile Harrison, University of Oxford, UK"
155580,South Africa,2020,true,"Odile Harrison, University of Oxford, UK"
155581,South Africa,2020,true,"Odile Harrison, University of Oxford, UK"
155582,South Africa,2020,true,"Odile Harrison, University of Oxford, UK"
155583,South Africa,2020,true,"Odile Harrison, University of Oxford, UK"
155584,South Africa,2020,true,"Odile Harrison, University of Oxford, UK"
155585,South Africa,2020,true,"Odile Harrison, University of Oxford, UK"
155586,South Africa,2020,true,"Odile Harrison, University of Oxford, UK"
155587,South Africa,2020,true,"Odile Harrison, University of Oxford, UK"
155588,South Africa,2020,true,"Odile Harrison, University of Oxford, UK"
155589,South Africa,2020,true,"Odile Harrison, University of Oxford, UK"
155590,South Africa,2020,true,"Odile Harrison, University of Oxford, UK"
155591,South Africa,2020,true,"Odile Harrison, University of Oxford, UK"
155592,South Africa,2020,true,"Odile Harrison, University of Oxford, UK"
155593,South Africa,2020,true,"Odile Harrison, University of Oxford, UK"
155594,South Africa,2020,true,"Odile Harrison, University of Oxford, UK"
155595,South Africa,2020,true,"Odile Harrison, University of Oxford, UK"
155596,South Africa,2020,true,"Odile Harrison, University of Oxford, UK"
155597,South Africa,2020,true,"Odile Harrison, University of Oxford, UK"
155598,South Africa,2020,true,"Odile Harrison, University of Oxford, UK"
155599,South Africa,2020,true,"Odile Harrison, University of Oxford, UK"
155600,South Africa,2020,true,"Odile Harrison, University of Oxford, UK"
155601,South Africa,2020,true,"Odile Harrison, University of Oxford, UK"
155602,South Africa,2020,true,"Odile Harrison, University of Oxford, UK"
155603,South Africa,2020,true,"Odile Harrison, University of Oxford, UK"
155604,South Africa,2020,true,"Odile Harrison, University of Oxford, UK"
155605,South Africa,2020,true,"Odile Harrison, University of Oxford, UK"
155606,South Africa,2020,true,"Odile Harrison, University of Oxford, UK"
155607,South Africa,2020,true,"Odile Harrison, University of Oxford, UK"
155608,South Africa,2020,true,"Odile Harrison, University of Oxford, UK"
155609,South Africa,2020,true,"Odile Harrison, University of Oxford, UK"
155610,South Africa,2020,true,"Odile Harrison, University of Oxford, UK"
155611,South Africa,2020,true,"Odile Harrison, University of Oxford, UK"
155612,South Africa,2020,true,"Odile Harrison, University of Oxford, UK"
155613,South Africa,2020,true,"Odile Harrison, University of Oxford, UK"
155614,South Africa,2020,true,"Odile Harrison, University of Oxford, UK"
155615,South Africa,2020,true,"Odile Harrison, University of Oxford, UK"
155616,South Africa,2020,true,"Odile Harrison, University of Oxford, UK"
155617,South Africa,2020,true,"Odile Harrison, University of Oxford, UK"
155618,South Africa,2020,true,"Odile Harrison, University of Oxford, UK"
155619,South Africa,2020,true,"Odile Harrison, University of Oxford, UK"
155620,South Africa,2020,true,"Odile Harrison, University of Oxford, UK"
155621,South Africa,2020,true,"Odile Harrison, University of Oxford, UK"
155622,South Africa,2020,true,"Odile Harrison, University of Oxford, UK"
155623,South Africa,2020,true,"Odile Harrison, University of Oxford, UK"
155624,South Africa,2020,true,"Odile Harrison, University of Oxford, UK"
155625,South Africa,2020,true,"Odile Harrison, University of Oxford, UK"
155626,South Africa,2020,true,"Odile Harrison, University of Oxford, UK"
155627,South Africa,2020,true,"Odile Harrison, University of Oxford, UK"
155628,South Africa,2020,true,"Odile Harrison, University of Oxford, UK"
155629,South Africa,2020,true,"Odile Harrison, University of Oxford, UK"
155630,South Africa,2020,true,"Odile Harrison, University of Oxford, UK"
155631,South Africa,2020,true,"Odile Harrison, University of Oxford, UK"
155632,South Africa,2020,true,"Odile Harrison, University of Oxford, UK"
155633,South Africa,2020,true,"Odile Harrison, University of Oxford, UK"
155634,South Africa,2020,true,"Odile Harrison, University of Oxford, UK"
155635,South Africa,2020,true,"Odile Harrison, University of Oxford, UK"
155636,South Africa,2020,true,"Odile Harrison, University of Oxford, UK"
155637,South Africa,2020,true,"Odile Harrison, University of Oxford, UK"
155638,South Africa,2020,true,"Odile Harrison, University of Oxford, UK"
155639,South Africa,2020,true,"Odile Harrison, University of Oxford, UK"
155640,South Africa,2020,true,"Odile Harrison, University of Oxford, UK"
155641,South Africa,2020,true,"Odile Harrison, University of Oxford, UK"
155642,South Africa,2020,true,"Odile Harrison, University of Oxford, UK"
155643,South Africa,2020,true,"Odile Harrison, University of Oxford, UK"
155644,South Africa,2020,true,"Odile Harrison, University of Oxford, UK"
155645,South Africa,2021,true,"Odile Harrison, University of Oxford, UK"
155646,South Africa,2021,true,"Odile Harrison, University of Oxford, UK"
155647,South Africa,2021,true,"Odile Harrison, University of Oxford, UK"
155648,South Africa,2021,true,"Odile Harrison, University of Oxford, UK"
155649,South Africa,2021,true,"Odile Harrison, University of Oxford, UK"
155650,South Africa,2021,true,"Odile Harrison, University of Oxford, UK"
155651,South Africa,2021,true,"Odile Harrison, University of Oxford, UK"
155652,South Africa,2021,true,"Odile Harrison, University of Oxford, UK"
155653,South Africa,2021,true,"Odile Harrison, University of Oxford, UK"
155654,South Africa,2021,true,"Odile Harrison, University of Oxford, UK"
155655,South Africa,2021,true,"Odile Harrison, University of Oxford, UK"
155656,South Africa,2021,true,"Odile Harrison, University of Oxford, UK"
155657,South Africa,2021,true,"Odile Harrison, University of Oxford, UK"
155658,South Africa,2021,true,"Odile Harrison, University of Oxford, UK"
155659,South Africa,2021,true,"Odile Harrison, University of Oxford, UK"
155660,South Africa,2021,true,"Odile Harrison, University of Oxford, UK"
155661,South Africa,2021,true,"Odile Harrison, University of Oxford, UK"
155662,South Africa,2021,true,"Odile Harrison, University of Oxford, UK"
155663,South Africa,2021,true,"Odile Harrison, University of Oxford, UK"
155665,South Africa,2021,true,"Odile Harrison, University of Oxford, UK"
155666,South Africa,2021,true,"Odile Harrison, University of Oxford, UK"
155667,South Africa,2021,true,"Odile Harrison, University of Oxford, UK"
155668,South Africa,2021,true,"Odile Harrison, University of Oxford, UK"
155669,South Africa,2021,true,"Odile Harrison, University of Oxford, UK"
155670,South Africa,2021,true,"Odile Harrison, University of Oxford, UK"
155671,South Africa,2021,true,"Odile Harrison, University of Oxford, UK"
155672,South Africa,2021,true,"Odile Harrison, University of Oxford, UK"
155673,South Africa,2021,true,"Odile Harrison, University of Oxford, UK"
155674,South Africa,2021,true,"Odile Harrison, University of Oxford, UK"
155675,South Africa,2021,true,"Odile Harrison, University of Oxford, UK"
155676,South Africa,2021,true,"Odile Harrison, University of Oxford, UK"
155677,South Africa,2021,true,"Odile Harrison, University of Oxford, UK"
155678,South Africa,2021,true,"Odile Harrison, University of Oxford, UK"
155679,South Africa,2021,true,"Odile Harrison, University of Oxford, UK"
155680,South Africa,2021,true,"Odile Harrison, University of Oxford, UK"
155681,South Africa,2021,true,"Odile Harrison, University of Oxford, UK"
155682,South Africa,2021,true,"Odile Harrison, University of Oxford, UK"
155683,South Africa,2021,true,"Odile Harrison, University of Oxford, UK"
155684,South Africa,2021,true,"Odile Harrison, University of Oxford, UK"
155685,South Africa,2021,true,"Odile Harrison, University of Oxford, UK"
155686,South Africa,2021,true,"Odile Harrison, University of Oxford, UK"
155687,South Africa,2021,true,"Odile Harrison, University of Oxford, UK"
155688,South Africa,2021,true,"Odile Harrison, University of Oxford, UK"
155689,South Africa,2021,true,"Odile Harrison, University of Oxford, UK"
155690,South Africa,2021,true,"Odile Harrison, University of Oxford, UK"
155691,South Africa,2021,true,"Odile Harrison, University of Oxford, UK"
155692,South Africa,2021,true,"Odile Harrison, University of Oxford, UK"
155693,South Africa,2021,true,"Odile Harrison, University of Oxford, UK"
155694,South Africa,2021,true,"Odile Harrison, University of Oxford, UK"
155695,South Africa,2021,true,"Odile Harrison, University of Oxford, UK"
155696,South Africa,2021,true,"Odile Harrison, University of Oxford, UK"
155697,South Africa,2021,true,"Odile Harrison, University of Oxford, UK"
155698,South Africa,2021,true,"Odile Harrison, University of Oxford, UK"
155699,South Africa,2021,true,"Odile Harrison, University of Oxford, UK"
155701,South Africa,2021,true,"Odile Harrison, University of Oxford, UK"
155702,South Africa,2021,true,"Odile Harrison, University of Oxford, UK"
155703,South Africa,2021,true,"Odile Harrison, University of Oxford, UK"
155704,South Africa,2021,true,"Odile Harrison, University of Oxford, UK"
155705,South Africa,2021,true,"Odile Harrison, University of Oxford, UK"
155706,South Africa,2021,true,"Odile Harrison, University of Oxford, UK"
155707,South Africa,2021,true,"Odile Harrison, University of Oxford, UK"
155710,South Africa,2021,true,"Odile Harrison, University of Oxford, UK"
155711,South Africa,2021,true,"Odile Harrison, University of Oxford, UK"
155712,South Africa,2021,true,"Odile Harrison, University of Oxford, UK"
155714,South Africa,2021,true,"Odile Harrison, University of Oxford, UK"
155718,South Africa,2021,true,"Odile Harrison, University of Oxford, UK"
155719,South Africa,2021,true,"Odile Harrison, University of Oxford, UK"
155720,South Africa,2021,true,"Odile Harrison, University of Oxford, UK"
155722,South Africa,2021,true,"Odile Harrison, University of Oxford, UK"
155723,South Africa,2021,true,"Odile Harrison, University of Oxford, UK"
155725,South Africa,2021,true,"Odile Harrison, University of Oxford, UK"
155726,South Africa,2021,true,"Odile Harrison, University of Oxford, UK"
155728,South Africa,2021,true,"Odile Harrison, University of Oxford, UK"
155729,South Africa,2021,true,"Odile Harrison, University of Oxford, UK"
155730,South Africa,2021,true,"Odile Harrison, University of Oxford, UK"
155733,South Africa,2021,true,"Odile Harrison, University of Oxford, UK"
155734,South Africa,2021,true,"Odile Harrison, University of Oxford, UK"
155735,South Africa,2021,true,"Odile Harrison, University of Oxford, UK"
155738,South Africa,2021,true,"Odile Harrison, University of Oxford, UK"
155741,South Africa,2021,true,"Odile Harrison, University of Oxford, UK"
155742,South Africa,2021,true,"Odile Harrison, University of Oxford, UK"
155743,South Africa,2021,true,"Odile Harrison, University of Oxford, UK"
155744,South Africa,2021,true,"Odile Harrison, University of Oxford, UK"
155748,South Africa,2021,true,"Odile Harrison, University of Oxford, UK"
155749,South Africa,2015,true,"Odile Harrison, University of Oxford, UK"
155750,South Africa,2015,true,"Odile Harrison, University of Oxford, UK"
155751,South Africa,2015,true,"Odile Harrison, University of Oxford, UK"
155752,South Africa,2015,true,"Odile Harrison, University of Oxford, UK"
155753,South Africa,2015,true,"Odile Harrison, University of Oxford, UK"
155754,South Africa,2015,true,"Odile Harrison, University of Oxford, UK"
155755,South Africa,2015,true,"Odile Harrison, University of Oxford, UK"
155756,South Africa,2015,true,"Odile Harrison, University of Oxford, UK"
155757,South Africa,2015,true,"Odile Harrison, University of Oxford, UK"
155758,South Africa,2020,true,"Odile Harrison, University of Oxford, UK"
155759,South Africa,2015,true,"Odile Harrison, University of Oxford, UK"
155760,South Africa,2015,true,"Odile Harrison, University of Oxford, UK"
155761,South Africa,2015,true,"Odile Harrison, University of Oxford, UK"
155762,South Africa,2015,true,"Odile Harrison, University of Oxford, UK"
155763,South Africa,2015,true,"Odile Harrison, University of Oxford, UK"
155764,South Africa,2015,true,"Odile Harrison, University of Oxford, UK"
155767,South Africa,2015,true,"Odile Harrison, University of Oxford, UK"
155768,South Africa,2015,true,"Odile Harrison, University of Oxford, UK"
155769,South Africa,2015,true,"Odile Harrison, University of Oxford, UK"
155770,South Africa,2015,true,"Odile Harrison, University of Oxford, UK"
155772,South Africa,2015,true,"Odile Harrison, University of Oxford, UK"
155773,South Africa,2015,true,"Odile Harrison, University of Oxford, UK"
155774,South Africa,2015,true,"Odile Harrison, University of Oxford, UK"
155775,South Africa,2015,true,"Odile Harrison, University of Oxford, UK"
155776,South Africa,2015,true,"Odile Harrison, University of Oxford, UK"
155777,South Africa,2015,true,"Odile Harrison, University of Oxford, UK"
155778,South Africa,2015,true,"Odile Harrison, University of Oxford, UK"
155779,South Africa,2015,true,"Odile Harrison, University of Oxford, UK"
155780,South Africa,2015,true,"Odile Harrison, University of Oxford, UK"
155781,South Africa,2015,true,"Odile Harrison, University of Oxford, UK"
155782,South Africa,2015,true,"Odile Harrison, University of Oxford, UK"
155783,South Africa,2015,true,"Odile Harrison, University of Oxford, UK"
155784,South Africa,2015,true,"Odile Harrison, University of Oxford, UK"
155785,South Africa,2015,true,"Odile Harrison, University of Oxford, UK"
155787,South Africa,2015,true,"Odile Harrison, University of Oxford, UK"
155788,South Africa,2015,true,"Odile Harrison, University of Oxford, UK"
155789,South Africa,2015,true,"Odile Harrison, University of Oxford, UK"
155791,South Africa,2015,true,"Odile Harrison, University of Oxford, UK"
155792,South Africa,2015,true,"Odile Harrison, University of Oxford, UK"
155793,South Africa,2015,true,"Odile Harrison, University of Oxford, UK"
155794,South Africa,2015,true,"Odile Harrison, University of Oxford, UK"
155795,South Africa,2015,true,"Odile Harrison, University of Oxford, UK"
155796,South Africa,2018,true,"Odile Harrison, University of Oxford, UK"
155797,South Africa,2018,true,"Odile Harrison, University of Oxford, UK"
155798,South Africa,2018,true,"Odile Harrison, University of Oxford, UK"
155799,South Africa,2018,true,"Odile Harrison, University of Oxford, UK"
155801,South Africa,2018,true,"Odile Harrison, University of Oxford, UK"
155802,South Africa,2018,true,"Odile Harrison, University of Oxford, UK"
155803,South Africa,2018,true,"Odile Harrison, University of Oxford, UK"
155804,South Africa,2018,true,"Odile Harrison, University of Oxford, UK"