id,isolate,NEIS1633,NEIS1635,pro_NEIS1635,private_record,private_owner
131095,GP-12-MUS-048,21,13,3,true,"Anastasia Unitt, University of Oxford"
131096,GP-12-MUS-049,367,18,6,true,"Anastasia Unitt, University of Oxford"
131097,GP-12-MUS-052,367,18,6,true,"Anastasia Unitt, University of Oxford"
131098,GP-12-MUS-069,4408,18,6,true,"Anastasia Unitt, University of Oxford"
131099,GP-12-MUS-071,18,16,6,true,"Anastasia Unitt, University of Oxford"
131100,GP-12-MUS-086,367,18,6,true,"Anastasia Unitt, University of Oxford"
131101,GP-12-MUS-088,18,16,6,true,"Anastasia Unitt, University of Oxford"
131102,GP-12-MUS-092,367,18,6,true,"Anastasia Unitt, University of Oxford"
131103,GP-12-MUS-093,367,18,6,true,"Anastasia Unitt, University of Oxford"
131104,GP-12-MUS-096,367,18,6,true,"Anastasia Unitt, University of Oxford"
131105,GP-12-MUS-099,378,17,,true,"Anastasia Unitt, University of Oxford"
131106,GP-12-MUS-102,367,18,6,true,"Anastasia Unitt, University of Oxford"
131107,GP-12-MUS-107,16,334,6,true,"Anastasia Unitt, University of Oxford"
131108,GP-12-MUS-109,367,18,6,true,"Anastasia Unitt, University of Oxford"
131109,GP-12-MUS-110,18,,6,true,"Anastasia Unitt, University of Oxford"
131110,GP-12-MUS-115,367,,6,true,"Anastasia Unitt, University of Oxford"
131111,GP-12-MUS-116,4409,18,6,true,"Anastasia Unitt, University of Oxford"
131112,GP-12-MUS-117,825,13,3,true,"Anastasia Unitt, University of Oxford"
131113,GP-12-MUS-124,18,16,6,true,"Anastasia Unitt, University of Oxford"
131114,GP-12-MUS-137,367,18,6,true,"Anastasia Unitt, University of Oxford"
131115,GP-12-MUS-163,18,16,6,true,"Anastasia Unitt, University of Oxford"
131116,GP-12-MUS-166,18,12,6,true,"Anastasia Unitt, University of Oxford"
131117,GP-12-MUS-170,18,13,3,true,"Anastasia Unitt, University of Oxford"
131118,GP-12-MUS-180,657,,6,true,"Anastasia Unitt, University of Oxford"
131119,GP-12-MUS-190,657,,6,true,"Anastasia Unitt, University of Oxford"
131120,GP-12-MUS-199,367,18,6,true,"Anastasia Unitt, University of Oxford"
131121,GP-12-MUS-205,18,16,6,true,"Anastasia Unitt, University of Oxford"
131122,GP-12-MUS-208,18,16,6,true,"Anastasia Unitt, University of Oxford"
131123,GP-12-MUS-211,657,18,6,true,"Anastasia Unitt, University of Oxford"
131124,GP-12-MUS-214,367,18,6,true,"Anastasia Unitt, University of Oxford"
131125,GP-12-MUS-220,657,,6,true,"Anastasia Unitt, University of Oxford"
131126,GP-12-MUS-242,,,6,true,"Anastasia Unitt, University of Oxford"
131127,GP-12-MUS-250,367,18,6,true,"Anastasia Unitt, University of Oxford"
131128,GP-12-MUS-251,18,16,6,true,"Anastasia Unitt, University of Oxford"
131129,GP-12-MUS-252,4410,13,3,true,"Anastasia Unitt, University of Oxford"
131130,GP-12-MUS-264,18,13,6,true,"Anastasia Unitt, University of Oxford"
131131,GP-12-MUS-273,18,368,6,true,"Anastasia Unitt, University of Oxford"
131132,GP-12-MUS-276,18,16,6,true,"Anastasia Unitt, University of Oxford"
131133,GP-12-MUS-283,18,13,6,true,"Anastasia Unitt, University of Oxford"
131134,GP-12-MUS-289,18,368,6,true,"Anastasia Unitt, University of Oxford"
131135,GP-12-MUS-291,18,12,6,true,"Anastasia Unitt, University of Oxford"
131136,GP-12-MUS-297,2199,193,6,true,"Anastasia Unitt, University of Oxford"
131137,GP-12-MUS-303,2199,,1,true,"Anastasia Unitt, University of Oxford"
131138,GP-12-MUS-307,18,16,6,true,"Anastasia Unitt, University of Oxford"
131139,GP-12-MUS-311,21,18,6,true,"Anastasia Unitt, University of Oxford"
131140,GP-12-MUS-312,18,16,6,true,"Anastasia Unitt, University of Oxford"
131141,GP-12-MUS-317,4411,13,6,true,"Anastasia Unitt, University of Oxford"
131142,GP-12-MUS-319,367,18,6,true,"Anastasia Unitt, University of Oxford"
131143,GP-12-MUS-324,18,12,6,true,"Anastasia Unitt, University of Oxford"
131144,GP-12-MUS-325,367,18,6,true,"Anastasia Unitt, University of Oxford"
131145,GP-12-MUS-331,18,16,6,true,"Anastasia Unitt, University of Oxford"
131146,GP-12-MUS-333,367,193,6,true,"Anastasia Unitt, University of Oxford"
131147,GP-12-MUS-337,18,16,6,true,"Anastasia Unitt, University of Oxford"
131148,GP-12-MUS-339,18,16,6,true,"Anastasia Unitt, University of Oxford"
131149,GP-12-MUS-356,18,,6,true,"Anastasia Unitt, University of Oxford"
131150,GP-12-MUS-358,18,,6,true,"Anastasia Unitt, University of Oxford"
131151,GP-12-MUS-361,18,18,6,true,"Anastasia Unitt, University of Oxford"
131152,GP-12-MUS-363,367,193,6,true,"Anastasia Unitt, University of Oxford"
131153,GP-12-MUS-368,18,16,6,true,"Anastasia Unitt, University of Oxford"
131154,GP-12-MUS-371,18,16,6,true,"Anastasia Unitt, University of Oxford"
131155,GP-13-MUS-001,825,16,6,true,"Anastasia Unitt, University of Oxford"
131156,GP-13-MUS-015,683,,6,true,"Anastasia Unitt, University of Oxford"
131157,GP-13-MUS-032,18,16,6,true,"Anastasia Unitt, University of Oxford"
131158,GP-13-MUS-044,23,17,,true,"Anastasia Unitt, University of Oxford"
131159,GP-13-MUS-047,18,13,6,true,"Anastasia Unitt, University of Oxford"
131160,GP-13-MUS-051,683,,6,true,"Anastasia Unitt, University of Oxford"
131161,GP-13-MUS-052,683,,6,true,"Anastasia Unitt, University of Oxford"
131162,GP-13-MUS-053,18,16,6,true,"Anastasia Unitt, University of Oxford"
131163,GP-13-MUS-067,18,,6,true,"Anastasia Unitt, University of Oxford"
131164,GP-13-MUS-068,2199,193,6,true,"Anastasia Unitt, University of Oxford"
131165,GP-13-MUS-070,18,16,6,true,"Anastasia Unitt, University of Oxford"
131166,GP-13-MUS-073,367,,6,true,"Anastasia Unitt, University of Oxford"
131167,GP-13-MUS-076,367,18,6,true,"Anastasia Unitt, University of Oxford"
131168,GP-13-MUS-077,18,16,6,true,"Anastasia Unitt, University of Oxford"
131169,GP-13-MUS-080,367,,6,true,"Anastasia Unitt, University of Oxford"
131170,GP-13-MUS-081,657,18,6,true,"Anastasia Unitt, University of Oxford"
131171,GP-13-MUS-083,,,,true,"Anastasia Unitt, University of Oxford"
131172,GP13-MUS-085,18,16,6,true,"Anastasia Unitt, University of Oxford"
131173,GP13-MUS-086,2199,193,6,true,"Anastasia Unitt, University of Oxford"
131174,GP13-MUS-088,18,16,6,true,"Anastasia Unitt, University of Oxford"
131175,GP-13-MUS-096,367,18,6,true,"Anastasia Unitt, University of Oxford"
131176,GP-13-MUS-099,18,16,6,true,"Anastasia Unitt, University of Oxford"
131177,GP-13-MUS-103,367,18,6,true,"Anastasia Unitt, University of Oxford"
131178,GP-13-MUS-105,367,193,6,true,"Anastasia Unitt, University of Oxford"
131179,GP-13-MUS-107,367,18,6,true,"Anastasia Unitt, University of Oxford"
131180,GP-13-MUS-109,657,,6,true,"Anastasia Unitt, University of Oxford"
131181,GP-13-MUS-116,367,18,6,true,"Anastasia Unitt, University of Oxford"
131182,GP-13-MUS-120,367,18,6,true,"Anastasia Unitt, University of Oxford"
131183,GP-13-MUS-121,18,16,6,true,"Anastasia Unitt, University of Oxford"
131184,GP-13-MUS-129,367,193,6,true,"Anastasia Unitt, University of Oxford"
131185,GP-13-MUS-132,367,,6,true,"Anastasia Unitt, University of Oxford"
131186,GP-13-MUS-133,18,16,6,true,"Anastasia Unitt, University of Oxford"
131187,GP-13-MUS-134,4412,18,6,true,"Anastasia Unitt, University of Oxford"
131188,GP13-MUS-144,4306,13,6,true,"Anastasia Unitt, University of Oxford"
131189,GP13-MUS-145,2199,193,6,true,"Anastasia Unitt, University of Oxford"
131190,GP13-MUS-152,21,189,6,true,"Anastasia Unitt, University of Oxford"
131191,GP13-MUS-177,367,18,6,true,"Anastasia Unitt, University of Oxford"
131192,GP13-MUS-179,18,,6,true,"Anastasia Unitt, University of Oxford"
131193,GP13-MUS-187,18,16,6,true,"Anastasia Unitt, University of Oxford"
131194,GP13-MUS-189,657,,6,true,"Anastasia Unitt, University of Oxford"
131195,GP13-MUS-190,2199,193,6,true,"Anastasia Unitt, University of Oxford"
131196,GP13-MUS-195,18,,6,true,"Anastasia Unitt, University of Oxford"
131197,GP13-MUS-196,18,13,6,true,"Anastasia Unitt, University of Oxford"
131198,GP13-MUS-203,367,18,6,true,"Anastasia Unitt, University of Oxford"
131199,GP13-MUS-206,18,16,6,true,"Anastasia Unitt, University of Oxford"
131200,GP13-MUS-208,16,16,6,true,"Anastasia Unitt, University of Oxford"
131201,GP13-MUS-210,18,16,6,true,"Anastasia Unitt, University of Oxford"
131202,GP13-MUS-213,18,16,6,true,"Anastasia Unitt, University of Oxford"
131203,GP13-MUS-215,367,13,3,true,"Anastasia Unitt, University of Oxford"
131204,GP13-MUS-218,367,18,6,true,"Anastasia Unitt, University of Oxford"
131205,GP13-MUS-225,367,193,6,true,"Anastasia Unitt, University of Oxford"
131206,GP13-MUS-231,378,17,,true,"Anastasia Unitt, University of Oxford"
131207,GP-13-MUS-235,378,,6,true,"Anastasia Unitt, University of Oxford"
131208,GP-13-MUS-236,378,18,6,true,"Anastasia Unitt, University of Oxford"
131209,GP-13-MUS-243,18,16,6,true,"Anastasia Unitt, University of Oxford"
131210,GP-13-MUS-244,367,,6,true,"Anastasia Unitt, University of Oxford"
131211,GP-13-MUS-247,4305,18,6,true,"Anastasia Unitt, University of Oxford"
131212,GP-13-MUS-253,367,18,6,true,"Anastasia Unitt, University of Oxford"
131213,GP-13-MUS-256,18,16,6,true,"Anastasia Unitt, University of Oxford"
131214,GP-13-MUS-257,18,16,6,true,"Anastasia Unitt, University of Oxford"
131215,GP-13-MUS-258,18,,6,true,"Anastasia Unitt, University of Oxford"
131216,GP-13-MUS-269,18,,6,true,"Anastasia Unitt, University of Oxford"
131217,GP-13-MUS-271,2199,193,6,true,"Anastasia Unitt, University of Oxford"
131218,GP-13-MUS-272,378,17,,true,"Anastasia Unitt, University of Oxford"
131219,GP-13-MUS-275,367,18,6,true,"Anastasia Unitt, University of Oxford"
131220,GP-13-MUS-276,18,12,6,true,"Anastasia Unitt, University of Oxford"
131221,GP-14-MUS-017,18,13,3,true,"Anastasia Unitt, University of Oxford"
131222,GP-14-MUS-032,18,16,6,true,"Anastasia Unitt, University of Oxford"
131223,GP-14-MUS-033,16,12,3,true,"Anastasia Unitt, University of Oxford"
131224,GP-14-MUS-034,18,16,6,true,"Anastasia Unitt, University of Oxford"
131225,GP-14-MUS-042,18,16,6,true,"Anastasia Unitt, University of Oxford"
131226,GP-14-MUS-052,378,17,,true,"Anastasia Unitt, University of Oxford"
131227,GP-14-MUS-054,367,18,6,true,"Anastasia Unitt, University of Oxford"
131228,GP-14-MUS-057,18,16,6,true,"Anastasia Unitt, University of Oxford"
131229,GP-14-MUS-063,4306,13,6,true,"Anastasia Unitt, University of Oxford"
131230,GP-14-MUS-064,657,,6,true,"Anastasia Unitt, University of Oxford"
131231,GP-14-MUS-069,18,12,6,true,"Anastasia Unitt, University of Oxford"
131232,GP-14-MUS-081,367,193,6,true,"Anastasia Unitt, University of Oxford"
131233,GP-14-MUS-082,367,18,6,true,"Anastasia Unitt, University of Oxford"
131234,GP-14-MUS-088,367,343,6,true,"Anastasia Unitt, University of Oxford"
131235,GP-14-MUS-092,2199,193,6,true,"Anastasia Unitt, University of Oxford"
131236,GP-14-MUS-094,18,16,6,true,"Anastasia Unitt, University of Oxford"
131237,GP-14-MUS-095,16,13,3,true,"Anastasia Unitt, University of Oxford"
131238,GP-14-MUS-099,18,16,6,true,"Anastasia Unitt, University of Oxford"
131239,GP-14-MUS-103,18,16,6,true,"Anastasia Unitt, University of Oxford"
131240,GP-14-MUS-105,18,13,6,true,"Anastasia Unitt, University of Oxford"
131241,GP-14-MUS-107,367,18,6,true,"Anastasia Unitt, University of Oxford"
131242,GP-14-MUS-110,18,16,6,true,"Anastasia Unitt, University of Oxford"
131243,GP-14-MUS-114,372,16,8,true,"Anastasia Unitt, University of Oxford"
131244,GP-14-MUS-117,18,,6,true,"Anastasia Unitt, University of Oxford"
131245,GP-14-MUS-121,18,,6,true,"Anastasia Unitt, University of Oxford"
131246,GP-14-MUS-139,18,16,6,true,"Anastasia Unitt, University of Oxford"
131247,GP-14-MUS-143,18,16,6,true,"Anastasia Unitt, University of Oxford"
131248,GP-14-MUS-147,632,13,6,true,"Anastasia Unitt, University of Oxford"
131249,GP-14-MUS-150,18,18,6,true,"Anastasia Unitt, University of Oxford"
131250,GP-14-MUS-151,18,,6,true,"Anastasia Unitt, University of Oxford"
131251,GP-14-MUS-154,18,16,6,true,"Anastasia Unitt, University of Oxford"
131252,GP-14-MUS-156,18,16,6,true,"Anastasia Unitt, University of Oxford"
131253,GP-14-MUS-165,18,13,6,true,"Anastasia Unitt, University of Oxford"
131254,GP-14-MUS-183,18,16,6,true,"Anastasia Unitt, University of Oxford"
131255,GP-14-MUS-189,367,18,6,true,"Anastasia Unitt, University of Oxford"
131256,GP-14-MUS-194,683,,6,true,"Anastasia Unitt, University of Oxford"
131257,GP-14-MUS-211,21,13,3,true,"Anastasia Unitt, University of Oxford"
131258,GP-14-MUS-212,21,13,3,true,"Anastasia Unitt, University of Oxford"
131259,GP-14-MUS-213,18,16,6,true,"Anastasia Unitt, University of Oxford"
131260,GP-14-MUS-214,18,,6,true,"Anastasia Unitt, University of Oxford"
131261,GP-14-MUS-218,18,16,6,true,"Anastasia Unitt, University of Oxford"
131262,GP-14-MUS-219,18,16,6,true,"Anastasia Unitt, University of Oxford"
131263,GP-14-MUS-221,18,193,6,true,"Anastasia Unitt, University of Oxford"
131264,GP-14-MUS-224,367,18,6,true,"Anastasia Unitt, University of Oxford"
131265,GP-14-MUS-232,683,,6,true,"Anastasia Unitt, University of Oxford"
131266,GP-14-MUS-238,18,16,6,true,"Anastasia Unitt, University of Oxford"
131267,GP-14-MUS-243,18,16,6,true,"Anastasia Unitt, University of Oxford"
131268,GP-14-MUS-244,18,16,6,true,"Anastasia Unitt, University of Oxford"
131269,GP-14-MUS-246,18,,6,true,"Anastasia Unitt, University of Oxford"
131270,GP-14-MUS-247,4417,16,6,true,"Anastasia Unitt, University of Oxford"
131271,GP-14-MUS-250,18,16,6,true,"Anastasia Unitt, University of Oxford"
131272,GP-14-MUS-251,378,17,,true,"Anastasia Unitt, University of Oxford"
131273,GP-14-MUS-252,18,16,6,true,"Anastasia Unitt, University of Oxford"
131274,15MUS-AH001,4413,,6,true,"Anastasia Unitt, University of Oxford"
131275,15MUS-AH007,4306,,6,true,"Anastasia Unitt, University of Oxford"
131276,15MUS-AH008,4413,16,6,true,"Anastasia Unitt, University of Oxford"
131277,15MUS-AH009,18,368,6,true,"Anastasia Unitt, University of Oxford"
131278,15MUS-AH021,18,16,6,true,"Anastasia Unitt, University of Oxford"
131279,15MUS-AH029,367,18,6,true,"Anastasia Unitt, University of Oxford"
131280,15MUS-AH030,18,13,6,true,"Anastasia Unitt, University of Oxford"
131281,15MUS-AH041,18,16,6,true,"Anastasia Unitt, University of Oxford"
131282,15MUS-AH042,367,18,6,true,"Anastasia Unitt, University of Oxford"
131283,15MUS-AH060,367,18,6,true,"Anastasia Unitt, University of Oxford"
131284,15MUS-AH061,683,18,6,true,"Anastasia Unitt, University of Oxford"
131285,15MUS-AH063,18,16,6,true,"Anastasia Unitt, University of Oxford"
131286,15MUS-AH064,367,18,6,true,"Anastasia Unitt, University of Oxford"
131287,15MUS-AH068,18,16,6,true,"Anastasia Unitt, University of Oxford"
131288,15MUS-AH077,4306,13,6,true,"Anastasia Unitt, University of Oxford"
131289,15MUS-AH078,18,16,6,true,"Anastasia Unitt, University of Oxford"
131290,15MUS-AH079,18,16,6,true,"Anastasia Unitt, University of Oxford"
131291,15MUS-AH083,23,18,6,true,"Anastasia Unitt, University of Oxford"
131292,15MUS-AH084,18,16,6,true,"Anastasia Unitt, University of Oxford"
131293,15MUS-AH085,367,343,6,true,"Anastasia Unitt, University of Oxford"
131294,15MUS-AH086,367,18,6,true,"Anastasia Unitt, University of Oxford"
131295,15MUS-AH087,18,,6,true,"Anastasia Unitt, University of Oxford"
131296,15MUS-AH088,657,,6,true,"Anastasia Unitt, University of Oxford"
131297,15MUS-AH089,18,,6,true,"Anastasia Unitt, University of Oxford"
131298,15MUS-AH092,378,17,,true,"Anastasia Unitt, University of Oxford"
131299,15MUS-AH093,683,,6,true,"Anastasia Unitt, University of Oxford"
131300,15MUS-AH094,367,193,6,true,"Anastasia Unitt, University of Oxford"
131301,15MUS-AH096,644,,6,true,"Anastasia Unitt, University of Oxford"
131302,15MUS-AH101,683,,6,true,"Anastasia Unitt, University of Oxford"
131303,15MUS-AH103,4413,16,6,true,"Anastasia Unitt, University of Oxford"
131304,15MUS-AH106,367,18,6,true,"Anastasia Unitt, University of Oxford"
131305,15MUS-AH108,18,,6,true,"Anastasia Unitt, University of Oxford"
131306,15MUS-AH112,18,193,6,true,"Anastasia Unitt, University of Oxford"
131307,15MUS-AH113,367,340,6,true,"Anastasia Unitt, University of Oxford"
131308,15MUS-AH117,683,18,6,true,"Anastasia Unitt, University of Oxford"
131309,15MUS-AH119,378,,6,true,"Anastasia Unitt, University of Oxford"
131310,15MUS-AH121,2391,18,6,true,"Anastasia Unitt, University of Oxford"
131311,15MUS-AH122,367,18,6,true,"Anastasia Unitt, University of Oxford"
131312,15MUS-AH130,18,16,6,true,"Anastasia Unitt, University of Oxford"
131313,15MUS-AH131,367,18,6,true,"Anastasia Unitt, University of Oxford"
131314,15MUS-AH133,367,18,6,true,"Anastasia Unitt, University of Oxford"
131315,15MUS-AH135,367,187,6,true,"Anastasia Unitt, University of Oxford"
131316,15MUS-AH138,18,16,6,true,"Anastasia Unitt, University of Oxford"
131317,15MUS-AH140,18,16,6,true,"Anastasia Unitt, University of Oxford"
131318,15MUS-AH143,18,16,6,true,"Anastasia Unitt, University of Oxford"
131319,15MUS-AH146,18,18,6,true,"Anastasia Unitt, University of Oxford"
131320,15MUS-AH148,18,16,6,true,"Anastasia Unitt, University of Oxford"
131321,15MUS-AH149,657,,6,true,"Anastasia Unitt, University of Oxford"
131322,15MUS-AH150,367,,6,true,"Anastasia Unitt, University of Oxford"
131323,15MUS-AH152,18,17,6,true,"Anastasia Unitt, University of Oxford"
131324,15MUS-AH153,4414,16,6,true,"Anastasia Unitt, University of Oxford"
131325,15MUS-AH154,18,16,6,true,"Anastasia Unitt, University of Oxford"
131326,15MUS-AH160,378,18,6,true,"Anastasia Unitt, University of Oxford"
131327,15MUS-AH165,18,16,6,true,"Anastasia Unitt, University of Oxford"
131328,15MUS-AH166,18,,6,true,"Anastasia Unitt, University of Oxford"
131329,16MUS-AH007,18,16,6,true,"Anastasia Unitt, University of Oxford"
131330,16MUS-AH009,16,18,1,true,"Anastasia Unitt, University of Oxford"
131331,16MUS-AH010,2199,193,6,true,"Anastasia Unitt, University of Oxford"
131332,16MUS-AH011,636,,6,true,"Anastasia Unitt, University of Oxford"
131333,16MUS-AH012,367,,6,true,"Anastasia Unitt, University of Oxford"
131334,16MUS-AH017,18,16,6,true,"Anastasia Unitt, University of Oxford"
131335,16MUS-AH019,657,,6,true,"Anastasia Unitt, University of Oxford"
131336,16MUS-AH023,18,13,6,true,"Anastasia Unitt, University of Oxford"
131337,16MUS-AH026,18,16,6,true,"Anastasia Unitt, University of Oxford"
131338,16MUS-AH029,18,16,6,true,"Anastasia Unitt, University of Oxford"
131339,16MUS-AH030,18,,6,true,"Anastasia Unitt, University of Oxford"
131340,16MUS-AH034,16,18,1,true,"Anastasia Unitt, University of Oxford"
131341,16MUS-AH057,18,16,6,true,"Anastasia Unitt, University of Oxford"
131342,16MUS-AH060,18,16,6,true,"Anastasia Unitt, University of Oxford"
131343,16MUS-AH062,18,16,6,true,"Anastasia Unitt, University of Oxford"
131344,16MUS-AH063,367,13,6,true,"Anastasia Unitt, University of Oxford"
131345,16MUS-AH064,636,,6,true,"Anastasia Unitt, University of Oxford"
131346,16MUS-AH067,18,13,6,true,"Anastasia Unitt, University of Oxford"
131347,16MUS-AH068,18,16,6,true,"Anastasia Unitt, University of Oxford"
131348,16MUS-aH070,367,18,6,true,"Anastasia Unitt, University of Oxford"
131349,16MUS-AH082,367,18,6,true,"Anastasia Unitt, University of Oxford"
131350,16MUS-AH085,18,16,6,true,"Anastasia Unitt, University of Oxford"
131351,16MUS-AH087,367,18,6,true,"Anastasia Unitt, University of Oxford"
131352,16MUS-AH088,18,,6,true,"Anastasia Unitt, University of Oxford"
131353,16MUS-AH089,18,16,6,true,"Anastasia Unitt, University of Oxford"
131354,16MUS-AH091,657,,6,true,"Anastasia Unitt, University of Oxford"
131355,16MUS-AH093,373,193,6,true,"Anastasia Unitt, University of Oxford"
131356,16MUS-AH094,367,,6,true,"Anastasia Unitt, University of Oxford"
131357,16MUS-AH097,18,16,6,true,"Anastasia Unitt, University of Oxford"
131358,16MUS-AH100,18,16,6,true,"Anastasia Unitt, University of Oxford"
131359,16MUS-AH101,367,,6,true,"Anastasia Unitt, University of Oxford"
131360,16MUS-AH109,18,16,6,true,"Anastasia Unitt, University of Oxford"
131361,16MUS-AH113,18,16,6,true,"Anastasia Unitt, University of Oxford"
131362,16MUS-AH116,18,13,6,true,"Anastasia Unitt, University of Oxford"
131363,16MUS-AH118,18,16,6,true,"Anastasia Unitt, University of Oxford"
131364,16MUS-AH119,18,17,6,true,"Anastasia Unitt, University of Oxford"
131365,16MUS-AH121,378,18,6,true,"Anastasia Unitt, University of Oxford"
131366,16MUS-AH124,18,16,6,true,"Anastasia Unitt, University of Oxford"
131367,16MUS-AH126,18,16,6,true,"Anastasia Unitt, University of Oxford"
131368,16MUS-AH131,3387,16,6,true,"Anastasia Unitt, University of Oxford"
131369,16MUS-AH140,4414,16,6,true,"Anastasia Unitt, University of Oxford"
131370,16MUS-AH142,657,,6,true,"Anastasia Unitt, University of Oxford"
131371,16MUS-AH146,367,,6,true,"Anastasia Unitt, University of Oxford"
131372,16MUS-AH147,18,16,6,true,"Anastasia Unitt, University of Oxford"
131373,16MUS-AH152,657,,6,true,"Anastasia Unitt, University of Oxford"
131374,17MUS-AH002,367,18,6,true,"Anastasia Unitt, University of Oxford"
131375,17MUS-AH004,18,13,6,true,"Anastasia Unitt, University of Oxford"
131376,17MUS-AH007,18,16,6,true,"Anastasia Unitt, University of Oxford"
131377,17MUS-AH009,367,18,6,true,"Anastasia Unitt, University of Oxford"
131378,17MUS-AH011,367,,6,true,"Anastasia Unitt, University of Oxford"
131379,17MUS-AH012,18,16,6,true,"Anastasia Unitt, University of Oxford"
131380,17MUS-AH014,18,16,6,true,"Anastasia Unitt, University of Oxford"
131381,17MUS-AH015,18,16,6,true,"Anastasia Unitt, University of Oxford"
131382,17MUS-AH018,18,16,6,true,"Anastasia Unitt, University of Oxford"
140559,17MUS_AH099_S94,18,13,6,true,"Odile Harrison, University of Oxford, UK"
140560,17MUS_AH121_S96,18,16,6,true,"Odile Harrison, University of Oxford, UK"
140561,17MUS_AH117_S95,4718,193,6,true,"Odile Harrison, University of Oxford, UK"
140562,18MUS_AH145_S102,367,380,6,true,"Odile Harrison, University of Oxford, UK"
140563,18MUS_AH147_S103,18,368,6,true,"Odile Harrison, University of Oxford, UK"
140564,18MUS_KH083_S97,4777,,6,true,"Odile Harrison, University of Oxford, UK"
140565,18MUS_KM012_S99,367,193,6,true,"Odile Harrison, University of Oxford, UK"
140566,18MUS_KM013_S80,367,18,6,true,"Odile Harrison, University of Oxford, UK"
140567,18MUS_KM016_S100,378,193,6,true,"Odile Harrison, University of Oxford, UK"
140568,18MUS_KM021_S81,367,18,6,true,"Odile Harrison, University of Oxford, UK"
140569,18MUS_KM070_S101,378,193,6,true,"Odile Harrison, University of Oxford, UK"
140570,18MUS_KM071_S82,378,18,6,true,"Odile Harrison, University of Oxford, UK"
140571,18MUS_ZW085_S98,18,16,6,true,"Odile Harrison, University of Oxford, UK"
140572,19MUS_AH073_S104,4778,,6,true,"Odile Harrison, University of Oxford, UK"
140573,19MUS_AH108_S105,367,1146,6,true,"Odile Harrison, University of Oxford, UK"
140574,19MUS_AH110_S83,367,18,6,true,"Odile Harrison, University of Oxford, UK"
140575,19MUS_AH122_S106,657,18,6,true,"Odile Harrison, University of Oxford, UK"
140576,19MUS_AH166_S107,18,16,6,true,"Odile Harrison, University of Oxford, UK"
140577,20MUS_AH027_S84,18,13,3,true,"Odile Harrison, University of Oxford, UK"
140578,20MUS_AH028_S108,18,13,6,true,"Odile Harrison, University of Oxford, UK"
140579,20MUS_AH030_S85,367,,6,true,"Odile Harrison, University of Oxford, UK"
140580,20MUS_AH032_S109,367,18,6,true,"Odile Harrison, University of Oxford, UK"
140581,20MUS_AH0138_S110,18,13,6,true,"Odile Harrison, University of Oxford, UK"
140582,20MUS_CZ054_S86,367,18,6,true,"Odile Harrison, University of Oxford, UK"
140583,20MUS_CZ055_S111,367,1146,6,true,"Odile Harrison, University of Oxford, UK"
140584,21MUS_AH020_S112,18,16,6,true,"Odile Harrison, University of Oxford, UK"
140585,21MUS_AH021_S113,18,12,6,true,"Odile Harrison, University of Oxford, UK"
140586,21MUS_AH104_S114,378,17,,true,"Odile Harrison, University of Oxford, UK"
140587,21MUS_AH105_S87,367,,6,true,"Odile Harrison, University of Oxford, UK"
140588,21MUS_AH110_S115,367,1146,6,true,"Odile Harrison, University of Oxford, UK"
140589,21MUS_AH111_S88,367,,6,true,"Odile Harrison, University of Oxford, UK"
140590,21MUS_AH124_S116,367,1146,6,true,"Odile Harrison, University of Oxford, UK"
140591,21MUS_AH125_S89,18,12,6,true,"Odile Harrison, University of Oxford, UK"
140592,21MUS_AH166_S117,18,13,6,true,"Odile Harrison, University of Oxford, UK"
140593,21MUS_AH237_S90,367,18,6,true,"Odile Harrison, University of Oxford, UK"
140594,21MUS_AH239_S118,378,18,6,true,"Odile Harrison, University of Oxford, UK"
140595,21MUS_CZ189_S91,378,17,,true,"Odile Harrison, University of Oxford, UK"
140596,21MUS_CZ191_S119,2199,193,6,true,"Odile Harrison, University of Oxford, UK"
140597,21MUS_CZ197_S120,378,189,8,true,"Odile Harrison, University of Oxford, UK"
140598,21MUS_CZ198_S92,378,17,,true,"Odile Harrison, University of Oxford, UK"
140599,21MUS_CZ201_S121,367,1146,6,true,"Odile Harrison, University of Oxford, UK"
140600,22MUS_AH054_S93,367,,6,true,"Odile Harrison, University of Oxford, UK"
140601,17MUS_AH098,1006,187,6,true,"Odile Harrison, University of Oxford, UK"
140602,17MUS_AH118,367,18,6,true,"Odile Harrison, University of Oxford, UK"
140603,17MUS_AH120,367,18,6,true,"Odile Harrison, University of Oxford, UK"
140604,17MUS_KH085,1006,187,6,true,"Odile Harrison, University of Oxford, UK"
140605,17MUS_ZW084,4306,,6,true,"Odile Harrison, University of Oxford, UK"
140611,19MUS_AH072,1006,187,6,true,"Odile Harrison, University of Oxford, UK"
140612,19MUS_AH119,1006,187,6,true,"Odile Harrison, University of Oxford, UK"
140613,19MUS_AH164,378,18,6,true,"Odile Harrison, University of Oxford, UK"
140617,20MUS_AH139,367,18,6,true,"Odile Harrison, University of Oxford, UK"
140618,21MUS_AH165,367,,6,true,"Odile Harrison, University of Oxford, UK"
140619,21MUS_CZ202,367,,6,true,"Odile Harrison, University of Oxford, UK"
155409,GP12-MUS-242,367,,6,true,"Odile Harrison, University of Oxford, UK"
155410,GP13-MUS-070,18,16,6,true,"Odile Harrison, University of Oxford, UK"
155411,GP13-MUS-083,2199,193,6,true,"Odile Harrison, University of Oxford, UK"
155412,GP13-MUS-096,367,18,6,true,"Odile Harrison, University of Oxford, UK"
155413,GP13-MUS-099,18,16,6,true,"Odile Harrison, University of Oxford, UK"
155414,GP13-MUS-103,367,18,6,true,"Odile Harrison, University of Oxford, UK"
155415,GP13-MUS-105,367,193,6,true,"Odile Harrison, University of Oxford, UK"
155416,GP13-MUS-107,367,18,6,true,"Odile Harrison, University of Oxford, UK"
155417,GP13-MUS-109,657,,6,true,"Odile Harrison, University of Oxford, UK"
155418,GP13-MUS-116,367,18,6,true,"Odile Harrison, University of Oxford, UK"
155419,GP13-MUS-120,367,18,6,true,"Odile Harrison, University of Oxford, UK"
155420,GP13-MUS-121,18,16,6,true,"Odile Harrison, University of Oxford, UK"
155421,GP13-MUS-129,367,193,6,true,"Odile Harrison, University of Oxford, UK"
155422,GP13-MUS-132,367,,6,true,"Odile Harrison, University of Oxford, UK"
155423,GP13-MUS-133,18,16,6,true,"Odile Harrison, University of Oxford, UK"
155424,GP13-MUS-134,4412,18,6,true,"Odile Harrison, University of Oxford, UK"
155425,GP14-MUS-241,18,16,6,true,"Odile Harrison, University of Oxford, UK"
155426,15MUS-AH035,18,16,6,true,"Odile Harrison, University of Oxford, UK"
155427,15MUS-AH077-R,4306,13,6,true,"Odile Harrison, University of Oxford, UK"
155428,15MUS-AH080,18,16,6,true,"Odile Harrison, University of Oxford, UK"
155429,15MUS-AH090,18,,6,true,"Odile Harrison, University of Oxford, UK"
155431,15MUS-AH129,367,18,,true,"Odile Harrison, University of Oxford, UK"
155433,15MUS-AH168,16,13,6,true,"Odile Harrison, University of Oxford, UK"
155434,16MUS-AH017-R,18,16,6,true,"Odile Harrison, University of Oxford, UK"
155435,17MUS-AH017-R,18,16,6,true,"Odile Harrison, University of Oxford, UK"
155436,17MUS-AH019,18,13,6,true,"Odile Harrison, University of Oxford, UK"
155437,17MUS-AH021,18,16,6,true,"Odile Harrison, University of Oxford, UK"
155438,17MUS-AH024,18,13,6,true,"Odile Harrison, University of Oxford, UK"
155439,17MUS-AH026,18,16,6,true,"Odile Harrison, University of Oxford, UK"
155440,17MUS-AH027,18,16,6,true,"Odile Harrison, University of Oxford, UK"
155441,17MUS-AH029,18,16,6,true,"Odile Harrison, University of Oxford, UK"
155442,17MUS-AH034,367,,6,true,"Odile Harrison, University of Oxford, UK"
155443,17MUS-AH035-R,378,17,,true,"Odile Harrison, University of Oxford, UK"
155444,17MUS-AH038,367,193,6,true,"Odile Harrison, University of Oxford, UK"
155445,17MUS-AH039,18,16,6,true,"Odile Harrison, University of Oxford, UK"
155446,17MUS-AH041,683,18,6,true,"Odile Harrison, University of Oxford, UK"
155447,17MUS-AH044,367,18,6,true,"Odile Harrison, University of Oxford, UK"
155448,17MUS-AH047,18,,6,true,"Odile Harrison, University of Oxford, UK"
155449,17MUS-AH051,18,13,6,true,"Odile Harrison, University of Oxford, UK"
155450,17MUS-AH052,18,16,6,true,"Odile Harrison, University of Oxford, UK"
155451,17MUS-AH054,18,16,6,true,"Odile Harrison, University of Oxford, UK"
155452,17MUS-AH056,18,12,6,true,"Odile Harrison, University of Oxford, UK"
155453,17MUS-AH057,4305,18,6,true,"Odile Harrison, University of Oxford, UK"
155454,17MUS-AH058,18,16,6,true,"Odile Harrison, University of Oxford, UK"
155455,17MUS-AH059,367,18,6,true,"Odile Harrison, University of Oxford, UK"
155456,17MUS-AH060-R,367,,6,true,"Odile Harrison, University of Oxford, UK"
155457,17MUS-AH065,18,16,6,true,"Odile Harrison, University of Oxford, UK"
155458,17MUS-AH066,18,13,6,true,"Odile Harrison, University of Oxford, UK"
155459,17MUS-AH068,18,16,6,true,"Odile Harrison, University of Oxford, UK"
155460,17MUS-AH069,367,18,6,true,"Odile Harrison, University of Oxford, UK"
155461,17MUS-AH070-R,18,16,6,true,"Odile Harrison, University of Oxford, UK"
155462,17MUS-AH071,4306,,6,true,"Odile Harrison, University of Oxford, UK"
155463,17MUS-AH073-1,4413,16,6,true,"Odile Harrison, University of Oxford, UK"
155464,17MUS-AH073-2,4413,16,6,true,"Odile Harrison, University of Oxford, UK"
155465,17MUS-AH074,367,18,6,true,"Odile Harrison, University of Oxford, UK"
155466,17MUS-AH075,18,16,6,true,"Odile Harrison, University of Oxford, UK"
155467,17MUS-AH076,18,16,6,true,"Odile Harrison, University of Oxford, UK"
155468,17MUS-AH098,1006,187,6,true,"Odile Harrison, University of Oxford, UK"
155469,17MUS-AH100,367,18,6,true,"Odile Harrison, University of Oxford, UK"
155470,17MUS-AH101,18,16,6,true,"Odile Harrison, University of Oxford, UK"
155471,17MUS-AH103,825,18,6,true,"Odile Harrison, University of Oxford, UK"
155472,17MUS-AH105,367,18,6,true,"Odile Harrison, University of Oxford, UK"
155473,17MUS-AH106,367,193,6,true,"Odile Harrison, University of Oxford, UK"
155474,17MUS-AH107,378,13,6,true,"Odile Harrison, University of Oxford, UK"
155475,17MUS-AH108-1,367,18,6,true,"Odile Harrison, University of Oxford, UK"
155476,17MUS-AH108-2,367,18,6,true,"Odile Harrison, University of Oxford, UK"
155477,17MUS-AH110,18,16,6,true,"Odile Harrison, University of Oxford, UK"
155478,17MUS-AH111,18,16,6,true,"Odile Harrison, University of Oxford, UK"
155479,17MUS-AH112,18,,6,true,"Odile Harrison, University of Oxford, UK"
155480,17MUS-AH116,4306,13,6,true,"Odile Harrison, University of Oxford, UK"
155481,17MUS-AH123,18,13,6,true,"Odile Harrison, University of Oxford, UK"
155482,17MUS-AH124,825,,6,true,"Odile Harrison, University of Oxford, UK"
155483,MP12-MUS-001,367,18,6,true,"Odile Harrison, University of Oxford, UK"
155484,MP12-MUS-010,367,18,6,true,"Odile Harrison, University of Oxford, UK"
155485,MP12-MUS-012,367,18,6,true,"Odile Harrison, University of Oxford, UK"
155486,MP12-MUS-013,367,,6,true,"Odile Harrison, University of Oxford, UK"
155487,MP12-MUS-015,367,193,6,true,"Odile Harrison, University of Oxford, UK"
155488,MP12-MUS-028,378,17,,true,"Odile Harrison, University of Oxford, UK"
155489,MP12-MUS-030,657,,6,true,"Odile Harrison, University of Oxford, UK"
155490,MP12-MUS-035,18,16,6,true,"Odile Harrison, University of Oxford, UK"
155491,MP12-MUS-037,367,18,6,true,"Odile Harrison, University of Oxford, UK"
155492,MP12-MUS-041,18,13,6,true,"Odile Harrison, University of Oxford, UK"
155493,MP12-MUS-044,367,18,6,true,"Odile Harrison, University of Oxford, UK"
155494,MP12-MUS-046,367,17,6,true,"Odile Harrison, University of Oxford, UK"
155495,MP12-MUS-047,367,18,6,true,"Odile Harrison, University of Oxford, UK"
155496,MP12-MUS-048,18,12,6,true,"Odile Harrison, University of Oxford, UK"
155497,MP12-MUS-050,18,,6,true,"Odile Harrison, University of Oxford, UK"
155498,MP12-MUS-051,657,18,6,true,"Odile Harrison, University of Oxford, UK"
155499,MP12-MUS-053,654,,6,true,"Odile Harrison, University of Oxford, UK"
155500,MP12-MUS-055,5718,,6,true,"Odile Harrison, University of Oxford, UK"
155501,MP12-MUS-056,378,17,,true,"Odile Harrison, University of Oxford, UK"
155502,MP12-MUS-057,378,17,,true,"Odile Harrison, University of Oxford, UK"
155503,MP12-MUS-059,18,16,6,true,"Odile Harrison, University of Oxford, UK"
155504,MP12-MUS-060,378,,6,true,"Odile Harrison, University of Oxford, UK"
155508,MP12-MUS-066,18,18,6,true,"Odile Harrison, University of Oxford, UK"
155509,MP12-MUS-069,18,18,6,true,"Odile Harrison, University of Oxford, UK"
155510,MP12-MUS-074,378,17,,true,"Odile Harrison, University of Oxford, UK"
155511,MP12-MUS-078,367,17,6,true,"Odile Harrison, University of Oxford, UK"
155512,MP12-MUS-079,378,18,6,true,"Odile Harrison, University of Oxford, UK"
155513,KN13-MUS-001,5718,,6,true,"Odile Harrison, University of Oxford, UK"
155514,KN13-MUS-003,18,16,6,true,"Odile Harrison, University of Oxford, UK"
155515,KN13-MUS-014,367,18,6,true,"Odile Harrison, University of Oxford, UK"
155516,KN13-MUS-073,367,,1,true,"Odile Harrison, University of Oxford, UK"
155517,KN13-MUS-075,18,13,6,true,"Odile Harrison, University of Oxford, UK"
155518,KN13-MUS-076,3386,18,3,true,"Odile Harrison, University of Oxford, UK"
155519,KN13-MUS-078,683,18,6,true,"Odile Harrison, University of Oxford, UK"
155520,KN13-MUS-079,18,16,6,true,"Odile Harrison, University of Oxford, UK"
155521,KN13-MUS-088,18,,6,true,"Odile Harrison, University of Oxford, UK"
155522,KN13-MUS-090,18,,6,true,"Odile Harrison, University of Oxford, UK"
155523,KN13-MUS-098,367,18,6,true,"Odile Harrison, University of Oxford, UK"
155524,KN13-MUS-106,18,16,6,true,"Odile Harrison, University of Oxford, UK"
155525,KN13-MUS-111,18,16,6,true,"Odile Harrison, University of Oxford, UK"
155526,KN13-MUS-120,683,,6,true,"Odile Harrison, University of Oxford, UK"
155527,KN13-MUS-129,367,18,6,true,"Odile Harrison, University of Oxford, UK"
155528,KN13-MUS-131,18,16,6,true,"Odile Harrison, University of Oxford, UK"
155529,KN13-MUS-132,683,,6,true,"Odile Harrison, University of Oxford, UK"
155530,KN13-MUS-137,18,13,6,true,"Odile Harrison, University of Oxford, UK"
155531,KN13-MUS-140,21,13,3,true,"Odile Harrison, University of Oxford, UK"
155532,KN13-MUS-141,18,,6,true,"Odile Harrison, University of Oxford, UK"
155533,KN13-MUS-143,18,16,6,true,"Odile Harrison, University of Oxford, UK"
155534,KN13-MUS-145,367,18,6,true,"Odile Harrison, University of Oxford, UK"
155535,KN13-MUS-180,18,,6,true,"Odile Harrison, University of Oxford, UK"
155536,KN13-MUS-197,367,18,6,true,"Odile Harrison, University of Oxford, UK"
155537,KN13-MUS-200,18,16,6,true,"Odile Harrison, University of Oxford, UK"
155538,KN13-MUS-202,18,18,6,true,"Odile Harrison, University of Oxford, UK"
155539,15MUS-GQ003,378,356,,true,"Odile Harrison, University of Oxford, UK"
155540,15MUS-GQ005,16,17,6,true,"Odile Harrison, University of Oxford, UK"
155541,15MUS-GQ006,683,,6,true,"Odile Harrison, University of Oxford, UK"
155542,15MUS-GQ007,18,13,6,true,"Odile Harrison, University of Oxford, UK"
155543,15MUS-GQ009-1,683,,6,true,"Odile Harrison, University of Oxford, UK"
155544,15MUS-GQ009-2,683,,6,true,"Odile Harrison, University of Oxford, UK"
155545,15MUS-GQ040,378,,6,true,"Odile Harrison, University of Oxford, UK"
155546,15MUS-GQ047,658,881,8,true,"Odile Harrison, University of Oxford, UK"
155547,15MUS-GQ049,367,193,6,true,"Odile Harrison, University of Oxford, UK"
155548,15MUS-GQ053,683,,6,true,"Odile Harrison, University of Oxford, UK"
155549,15MUS-GQ151,3368,17,6,true,"Odile Harrison, University of Oxford, UK"
155550,14MUS-JO004,378,18,6,true,"Odile Harrison, University of Oxford, UK"
155551,14MUS-JO006,18,16,6,true,"Odile Harrison, University of Oxford, UK"
155552,14MUS-JO009,367,18,6,true,"Odile Harrison, University of Oxford, UK"
155553,14MUS-JO011,18,16,6,true,"Odile Harrison, University of Oxford, UK"
155554,14MUS-JO015,657,16,6,true,"Odile Harrison, University of Oxford, UK"
155555,14MUS-JO017,367,18,6,true,"Odile Harrison, University of Oxford, UK"
155556,14MUS-JO020,2199,,6,true,"Odile Harrison, University of Oxford, UK"
155557,14MUS-JO027,18,16,6,true,"Odile Harrison, University of Oxford, UK"
155558,14MUS-JO028,367,18,6,true,"Odile Harrison, University of Oxford, UK"
155559,14MUS-JO029,378,18,6,true,"Odile Harrison, University of Oxford, UK"
155560,14MUS-JO030,18,16,6,true,"Odile Harrison, University of Oxford, UK"
155561,14MUS-JO033,18,16,6,true,"Odile Harrison, University of Oxford, UK"
155562,14MUS-JO037,18,16,6,true,"Odile Harrison, University of Oxford, UK"
155563,14MUS-JO038,367,,1,true,"Odile Harrison, University of Oxford, UK"
155564,14MUS-JO040,2199,193,6,true,"Odile Harrison, University of Oxford, UK"
155565,14MUS-JO041,367,18,6,true,"Odile Harrison, University of Oxford, UK"
155566,14MUS-JO045,18,18,6,true,"Odile Harrison, University of Oxford, UK"
155567,14MUS-JO055,367,193,6,true,"Odile Harrison, University of Oxford, UK"
155568,14MUS-JO060,367,192,6,true,"Odile Harrison, University of Oxford, UK"
155569,14MUS-JO064,18,16,6,true,"Odile Harrison, University of Oxford, UK"
155570,14MUS-JO066,18,16,6,true,"Odile Harrison, University of Oxford, UK"
155571,14MUS-JO067,18,16,6,true,"Odile Harrison, University of Oxford, UK"
155572,14MUS-JO068,4413,16,6,true,"Odile Harrison, University of Oxford, UK"
155573,14MUS-JO076,5718,,6,true,"Odile Harrison, University of Oxford, UK"
155574,14MUS-JO077,372,16,6,true,"Odile Harrison, University of Oxford, UK"
155575,14MUS-JO078,367,18,6,true,"Odile Harrison, University of Oxford, UK"
155576,14MUS-JO084,18,16,6,true,"Odile Harrison, University of Oxford, UK"
155577,20MUS-AH002,657,13,6,true,"Odile Harrison, University of Oxford, UK"
155578,20MUS-AH004,18,16,6,true,"Odile Harrison, University of Oxford, UK"
155579,20MUS-AH005,18,13,6,true,"Odile Harrison, University of Oxford, UK"
155580,20MUS-AH007,18,,6,true,"Odile Harrison, University of Oxford, UK"
155581,20MUS-AH008,18,13,6,true,"Odile Harrison, University of Oxford, UK"
155582,20MUS-AH010,5753,,6,true,"Odile Harrison, University of Oxford, UK"
155583,20MUS-AH011,18,13,6,true,"Odile Harrison, University of Oxford, UK"
155584,20MUS-AH012,18,16,6,true,"Odile Harrison, University of Oxford, UK"
155585,20MUS-AH013,18,16,6,true,"Odile Harrison, University of Oxford, UK"
155586,20MUS-AH017,18,16,6,true,"Odile Harrison, University of Oxford, UK"
155587,20MUS-AH021,367,,6,true,"Odile Harrison, University of Oxford, UK"
155588,20MUS-AH022,367,1146,6,true,"Odile Harrison, University of Oxford, UK"
155589,20MUS-AH023,367,1146,6,true,"Odile Harrison, University of Oxford, UK"
155590,20MUS-AH027,18,13,3,true,"Odile Harrison, University of Oxford, UK"
155591,20MUS-AH030,367,,6,true,"Odile Harrison, University of Oxford, UK"
155592,20MUS-AH032,367,18,6,true,"Odile Harrison, University of Oxford, UK"
155593,20MUS-AH034,367,873,6,true,"Odile Harrison, University of Oxford, UK"
155594,20MUS-AH036,367,,6,true,"Odile Harrison, University of Oxford, UK"
155595,20MUS-AH037,18,,6,true,"Odile Harrison, University of Oxford, UK"
155596,20MUS-AH039,18,16,6,true,"Odile Harrison, University of Oxford, UK"
155597,20MUS-AH040,18,13,6,true,"Odile Harrison, University of Oxford, UK"
155598,20MUS-AH042,5718,,6,true,"Odile Harrison, University of Oxford, UK"
155599,20MUS-AH044-1,4306,13,6,true,"Odile Harrison, University of Oxford, UK"
155600,20MUS-AH044-2,4306,13,6,true,"Odile Harrison, University of Oxford, UK"
155601,20MUS-AH045,367,1146,6,true,"Odile Harrison, University of Oxford, UK"
155602,20MUS-AH052,644,,6,true,"Odile Harrison, University of Oxford, UK"
155603,20MUS-AH053,367,1146,6,true,"Odile Harrison, University of Oxford, UK"
155604,20MUS-AH054,367,1146,6,true,"Odile Harrison, University of Oxford, UK"
155605,20MUS-AH055,367,,6,true,"Odile Harrison, University of Oxford, UK"
155606,20MUS-AH057,367,1146,6,true,"Odile Harrison, University of Oxford, UK"
155607,20MUS-AH061,367,18,6,true,"Odile Harrison, University of Oxford, UK"
155608,20MUS-AH063,367,18,6,true,"Odile Harrison, University of Oxford, UK"
155609,20MUS-AH065,367,193,6,true,"Odile Harrison, University of Oxford, UK"
155610,20MUS-AH067,657,,6,true,"Odile Harrison, University of Oxford, UK"
155611,20MUS-AH074,4306,13,6,true,"Odile Harrison, University of Oxford, UK"
155612,20MUS-AH080,18,13,6,true,"Odile Harrison, University of Oxford, UK"
155613,20MUS-AH081,367,873,6,true,"Odile Harrison, University of Oxford, UK"
155614,20MUS-AH083,657,13,6,true,"Odile Harrison, University of Oxford, UK"
155615,20MUS-AH084,367,193,6,true,"Odile Harrison, University of Oxford, UK"
155616,20MUS-AH085-1,18,13,6,true,"Odile Harrison, University of Oxford, UK"
155617,20MUS-AH085-2,18,13,6,true,"Odile Harrison, University of Oxford, UK"
155618,20MUS-AH095,378,17,,true,"Odile Harrison, University of Oxford, UK"
155619,20MUS-AH096,4306,13,6,true,"Odile Harrison, University of Oxford, UK"
155620,20MUS-AH098-1,3485,16,6,true,"Odile Harrison, University of Oxford, UK"
155621,20MUS-AH098-2,3485,16,6,true,"Odile Harrison, University of Oxford, UK"
155622,20MUS-AH103,18,12,6,true,"Odile Harrison, University of Oxford, UK"
155623,20MUS-AH104,367,18,6,true,"Odile Harrison, University of Oxford, UK"
155624,20MUS-AH105,367,1146,6,true,"Odile Harrison, University of Oxford, UK"
155625,20MUS-AH108,367,1146,6,true,"Odile Harrison, University of Oxford, UK"
155626,20MUS-AH110-1,18,13,3,true,"Odile Harrison, University of Oxford, UK"
155627,20MUS-AH110-2,18,13,3,true,"Odile Harrison, University of Oxford, UK"
155628,20MUS-AH112,18,18,6,true,"Odile Harrison, University of Oxford, UK"
155629,20MUS-AH114,18,13,6,true,"Odile Harrison, University of Oxford, UK"
155630,20MUS-AH117,18,16,6,true,"Odile Harrison, University of Oxford, UK"
155631,20MUS-AH121,657,18,6,true,"Odile Harrison, University of Oxford, UK"
155632,20MUS-AH122,367,18,6,true,"Odile Harrison, University of Oxford, UK"
155633,20MUS-AH124,18,16,6,true,"Odile Harrison, University of Oxford, UK"
155634,20MUS-AH125,657,13,6,true,"Odile Harrison, University of Oxford, UK"
155635,20MUS-AH127,18,13,6,true,"Odile Harrison, University of Oxford, UK"
155636,20MUS-AH129,1006,187,6,true,"Odile Harrison, University of Oxford, UK"
155637,20MUS-AH135,367,193,6,true,"Odile Harrison, University of Oxford, UK"
155638,20MUS-AH138,18,13,6,true,"Odile Harrison, University of Oxford, UK"
155639,20MUS-AH139,367,18,6,true,"Odile Harrison, University of Oxford, UK"
155640,20MUS-AH141,378,17,,true,"Odile Harrison, University of Oxford, UK"
155641,20MUS-AH143,367,18,6,true,"Odile Harrison, University of Oxford, UK"
155642,20MUS-AH144,367,18,1,true,"Odile Harrison, University of Oxford, UK"
155643,20MUS-AH145,5754,,6,true,"Odile Harrison, University of Oxford, UK"
155644,20MUS-AH146,367,193,6,true,"Odile Harrison, University of Oxford, UK"
155645,20MUS-AH148,18,17,6,true,"Odile Harrison, University of Oxford, UK"
155646,21MUS-AH003,18,16,6,true,"Odile Harrison, University of Oxford, UK"
155647,21MUS-AH004,657,,6,true,"Odile Harrison, University of Oxford, UK"
155648,21MUS-AH008,378,17,,true,"Odile Harrison, University of Oxford, UK"
155649,21MUS-AH010,18,13,6,true,"Odile Harrison, University of Oxford, UK"
155650,21MUS-AH012,18,,6,true,"Odile Harrison, University of Oxford, UK"
155651,21MUS-AH016,23,18,6,true,"Odile Harrison, University of Oxford, UK"
155652,21MUS-AH017,18,16,6,true,"Odile Harrison, University of Oxford, UK"
155653,21MUS-AH018,372,16,6,true,"Odile Harrison, University of Oxford, UK"
155654,21MUS-AH021-R,18,12,6,true,"Odile Harrison, University of Oxford, UK"
155655,21MUS-AH022,18,16,6,true,"Odile Harrison, University of Oxford, UK"
155656,21MUS-AH024,657,,6,true,"Odile Harrison, University of Oxford, UK"
155657,21MUS-AH025,644,18,6,true,"Odile Harrison, University of Oxford, UK"
155658,21MUS-AH027,4306,13,6,true,"Odile Harrison, University of Oxford, UK"
155659,21MUS-AH028,367,1146,6,true,"Odile Harrison, University of Oxford, UK"
155660,21MUS-AH031,18,13,6,true,"Odile Harrison, University of Oxford, UK"
155661,21MUS-AH036,18,13,6,true,"Odile Harrison, University of Oxford, UK"
155662,21MUS-AH039,367,,6,true,"Odile Harrison, University of Oxford, UK"
155663,21MUS-AH042,378,17,,true,"Odile Harrison, University of Oxford, UK"
155665,21MUS-AH052,18,16,6,true,"Odile Harrison, University of Oxford, UK"
155666,21MUS-AH053,4306,13,6,true,"Odile Harrison, University of Oxford, UK"
155667,21MUS-AH055,367,193,6,true,"Odile Harrison, University of Oxford, UK"
155668,21MUS-AH056,18,13,6,true,"Odile Harrison, University of Oxford, UK"
155669,21MUS-AH057,367,18,6,true,"Odile Harrison, University of Oxford, UK"
155670,21MUS-AH061,367,873,6,true,"Odile Harrison, University of Oxford, UK"
155671,21MUS-AH065,367,13,3,true,"Odile Harrison, University of Oxford, UK"
155672,21MUS-AH071,378,18,6,true,"Odile Harrison, University of Oxford, UK"
155673,21MUS-AH072,378,18,6,true,"Odile Harrison, University of Oxford, UK"
155674,21MUS-AH073,658,16,6,true,"Odile Harrison, University of Oxford, UK"
155675,21MUS-AH074,2199,193,6,true,"Odile Harrison, University of Oxford, UK"
155676,21MUS-AH077,367,17,6,true,"Odile Harrison, University of Oxford, UK"
155677,21MUS-AH078,367,193,6,true,"Odile Harrison, University of Oxford, UK"
155678,21MUS-AH084,18,,6,true,"Odile Harrison, University of Oxford, UK"
155679,21MUS-AH090,367,193,6,true,"Odile Harrison, University of Oxford, UK"
155680,21MUS-AH091,18,,6,true,"Odile Harrison, University of Oxford, UK"
155681,21MUS-AH093,5755,,6,true,"Odile Harrison, University of Oxford, UK"
155682,21MUS-AH095,367,1146,6,true,"Odile Harrison, University of Oxford, UK"
155683,21MUS-AH098,367,18,6,true,"Odile Harrison, University of Oxford, UK"
155684,21MUS-AH100,18,,6,true,"Odile Harrison, University of Oxford, UK"
155685,21MUS-AH101,18,16,6,true,"Odile Harrison, University of Oxford, UK"
155686,21MUS-AH105-R,367,,6,true,"Odile Harrison, University of Oxford, UK"
155687,21MUS-AH106,367,1146,6,true,"Odile Harrison, University of Oxford, UK"
155688,21MUS-AH109,18,13,6,true,"Odile Harrison, University of Oxford, UK"
155689,21MUS-AH111,367,,6,true,"Odile Harrison, University of Oxford, UK"
155690,21MUS-AH113,18,16,6,true,"Odile Harrison, University of Oxford, UK"
155691,21MUS-AH114,367,193,6,true,"Odile Harrison, University of Oxford, UK"
155692,21MUS-AH115,18,18,6,true,"Odile Harrison, University of Oxford, UK"
155693,21MUS-AH119,18,,6,true,"Odile Harrison, University of Oxford, UK"
155694,21MUS-AH122,378,18,6,true,"Odile Harrison, University of Oxford, UK"
155695,21MUS-AH125,18,12,6,true,"Odile Harrison, University of Oxford, UK"
155696,21MUS-AH126,5756,18,6,true,"Odile Harrison, University of Oxford, UK"
155697,21MUS-AH127,4306,,6,true,"Odile Harrison, University of Oxford, UK"
155698,21MUS-AH130,5757,1146,6,true,"Odile Harrison, University of Oxford, UK"
155699,21MUS-AH131,18,13,6,true,"Odile Harrison, University of Oxford, UK"
155701,21MUS-AH133,367,1146,6,true,"Odile Harrison, University of Oxford, UK"
155702,21MUS-AH134,657,13,6,true,"Odile Harrison, University of Oxford, UK"
155703,21MUS-AH136,367,1146,6,true,"Odile Harrison, University of Oxford, UK"
155704,21MUS-AH137,4306,13,6,true,"Odile Harrison, University of Oxford, UK"
155705,21MUS-AH138,18,,6,true,"Odile Harrison, University of Oxford, UK"
155706,21MUS-AH139,18,16,6,true,"Odile Harrison, University of Oxford, UK"
155707,21MUS-AH140,367,1146,6,true,"Odile Harrison, University of Oxford, UK"
155710,21MUS-AH148,18,13,6,true,"Odile Harrison, University of Oxford, UK"
155711,21MUS-AH150,654,,6,true,"Odile Harrison, University of Oxford, UK"
155712,21MUS-AH151,4306,13,6,true,"Odile Harrison, University of Oxford, UK"
155714,21MUS-AH153-2,1006,187,6,true,"Odile Harrison, University of Oxford, UK"
155718,21MUS-AH164,18,16,6,true,"Odile Harrison, University of Oxford, UK"
155719,21MUS-AH165,367,,6,true,"Odile Harrison, University of Oxford, UK"
155720,21MUS-AH166,18,13,6,true,"Odile Harrison, University of Oxford, UK"
155722,21MUS-AH168,367,18,6,true,"Odile Harrison, University of Oxford, UK"
155723,21MUS-AH169-1,657,13,6,true,"Odile Harrison, University of Oxford, UK"
155725,21MUS-AH171,378,17,,true,"Odile Harrison, University of Oxford, UK"
155726,21MUS-AH174,657,13,6,true,"Odile Harrison, University of Oxford, UK"
155728,21MUS-AH183,367,13,6,true,"Odile Harrison, University of Oxford, UK"
155729,21MUS-AH185,378,17,,true,"Odile Harrison, University of Oxford, UK"
155730,21MUS-AH187,367,873,6,true,"Odile Harrison, University of Oxford, UK"
155733,21MUS-AH195,4306,13,6,true,"Odile Harrison, University of Oxford, UK"
155734,21MUS-AH196,367,,6,true,"Odile Harrison, University of Oxford, UK"
155735,21MUS-AH198,367,16,6,true,"Odile Harrison, University of Oxford, UK"
155738,21MUS-AH202,2199,193,6,true,"Odile Harrison, University of Oxford, UK"
155741,21MUS-AH205,367,18,6,true,"Odile Harrison, University of Oxford, UK"
155742,21MUS-AH209,21,,6,true,"Odile Harrison, University of Oxford, UK"
155743,21MUS-AH210,367,18,6,true,"Odile Harrison, University of Oxford, UK"
155744,21MUS-AH216,18,16,6,true,"Odile Harrison, University of Oxford, UK"
155748,21MUS-AH223-2,18,16,6,true,"Odile Harrison, University of Oxford, UK"
155749,15MUS-PI001,18,,6,true,"Odile Harrison, University of Oxford, UK"
155750,15MUS-PI002,18,13,6,true,"Odile Harrison, University of Oxford, UK"
155751,15MUS-PI003,18,13,6,true,"Odile Harrison, University of Oxford, UK"
155752,15MUS-PI004,18,16,6,true,"Odile Harrison, University of Oxford, UK"
155753,15MUS-PI005-WGS,378,446,6,true,"Odile Harrison, University of Oxford, UK"
155754,15MUS-PI006,18,18,6,true,"Odile Harrison, University of Oxford, UK"
155755,15MUS-PI007,2199,193,1,true,"Odile Harrison, University of Oxford, UK"
155756,15MUS-PI011,367,18,6,true,"Odile Harrison, University of Oxford, UK"
155757,15MUS-PI016,18,16,6,true,"Odile Harrison, University of Oxford, UK"
155758,20MUS-AH109,18,,6,true,"Odile Harrison, University of Oxford, UK"
155759,15MUS-PI020,367,18,6,true,"Odile Harrison, University of Oxford, UK"
155760,15MUS-PI025,367,18,6,true,"Odile Harrison, University of Oxford, UK"
155761,15MUS-PI026,18,13,6,true,"Odile Harrison, University of Oxford, UK"
155762,15MUS-PI029,18,16,6,true,"Odile Harrison, University of Oxford, UK"
155763,15MUS-PI030,18,193,6,true,"Odile Harrison, University of Oxford, UK"
155764,15MUS-PI036,367,193,6,true,"Odile Harrison, University of Oxford, UK"
155767,15MUS-PI048,18,16,6,true,"Odile Harrison, University of Oxford, UK"
155768,15MUS-PI056,18,16,6,true,"Odile Harrison, University of Oxford, UK"
155769,15MUS-PI063-WGS,657,18,6,true,"Odile Harrison, University of Oxford, UK"
155770,15MUS-PI064,367,363,6,true,"Odile Harrison, University of Oxford, UK"
155772,15MUS-PI066,367,18,,true,"Odile Harrison, University of Oxford, UK"
155773,15MUS-PI067,18,,6,true,"Odile Harrison, University of Oxford, UK"
155774,15MUS-PI068,378,18,6,true,"Odile Harrison, University of Oxford, UK"
155775,15MUS-PI076,18,18,6,true,"Odile Harrison, University of Oxford, UK"
155776,15MUS-PI077,18,16,6,true,"Odile Harrison, University of Oxford, UK"
155777,15MUS-PI078,18,12,6,true,"Odile Harrison, University of Oxford, UK"
155778,15MUS-PI080,2391,18,6,true,"Odile Harrison, University of Oxford, UK"
155779,15MUS-PI082,18,13,6,true,"Odile Harrison, University of Oxford, UK"
155780,15MUS-PI089,2199,193,6,true,"Odile Harrison, University of Oxford, UK"
155781,15MUS-PI091-WGS,367,18,6,true,"Odile Harrison, University of Oxford, UK"
155782,15MUS-PI092-WGS,378,17,,true,"Odile Harrison, University of Oxford, UK"
155783,15MUS-PI093,18,13,6,true,"Odile Harrison, University of Oxford, UK"
155784,15MUS-PI095,367,17,,true,"Odile Harrison, University of Oxford, UK"
155785,15MUS-PI097,367,18,6,true,"Odile Harrison, University of Oxford, UK"
155787,15MUS-PI099,683,13,3,true,"Odile Harrison, University of Oxford, UK"
155788,15MUS-PI100,18,16,6,true,"Odile Harrison, University of Oxford, UK"
155789,15MUS-PI103,18,13,6,true,"Odile Harrison, University of Oxford, UK"
155791,15MUS-PI105,2199,193,6,true,"Odile Harrison, University of Oxford, UK"
155792,15MUS-PI107,378,17,,true,"Odile Harrison, University of Oxford, UK"
155793,15MUS-PI110,18,13,6,true,"Odile Harrison, University of Oxford, UK"
155794,15MUS-PI111,367,18,6,true,"Odile Harrison, University of Oxford, UK"
155795,15MUS-PI112,18,16,6,true,"Odile Harrison, University of Oxford, UK"
155796,18MUS-KM003,5758,,1,true,"Odile Harrison, University of Oxford, UK"
155797,18MUS-KM009,378,18,6,true,"Odile Harrison, University of Oxford, UK"
155798,18MUS-KM012,367,193,6,true,"Odile Harrison, University of Oxford, UK"
155799,18MUS-KM013,367,18,6,true,"Odile Harrison, University of Oxford, UK"
155801,18MUS-KM021,367,18,6,true,"Odile Harrison, University of Oxford, UK"
155802,18MUS-KM024,18,13,6,true,"Odile Harrison, University of Oxford, UK"
155803,18MUS-KM025,378,17,6,true,"Odile Harrison, University of Oxford, UK"
155804,18MUS-KM026,18,16,6,true,"Odile Harrison, University of Oxford, UK"